sClass,ShortSword,Sword,Axe,Club,Spear,Pole,Staff,Bow,Hp,Mp,Sp,Ac,Hitrate,Evasionrate
101,0.0001,1.2999999999999999E-4,1.2999999999999999E-4,1.2999999999999999E-4,1.2999999999999999E-4,1.2999999999999999E-4,0.0001,0.0001,0.0015,0.0,0.0015,1.0,0.01,0.01
102,1.4999999999999999E-4,0.0001,0.0001,0.0001,0.0001,0.0001,0.0001,1.4999999999999999E-4,5.0000000000000001E-4,0.0,0.0015,1.0,0.01,0.01
103,6.9999999999999994E-5,0.0,0.0,0.0,0.0,0.0,0.0001,0.0,4.0000000000000002E-4,0.0015,0.0,1.0,0.01,0.01
104,0.0,0.0,0.0,5.0000000000000002E-5,0.0,0.0,0.0001,0.0,0.001,0.0015,0.0,1.0,0.01,0.01
105,2.0000000000000001E-4,2.5000000000000001E-4,2.5000000000000001E-4,2.5000000000000001E-4,2.5000000000000001E-4,2.5000000000000001E-4,0.0001,0.0001,3.0000000000000001E-3,0.0,3.0000000000000001E-3,1.0,2.5000000000000001E-2,1.7999999999999999E-2
106,2.0000000000000001E-4,3.2000000000000003E-4,3.2000000000000003E-4,3.2000000000000003E-4,3.2000000000000003E-4,3.2000000000000003E-4,0.0001,0.0001,3.0000000000000001E-3,0.0,3.0000000000000001E-3,1.0,5.0000000000000003E-2,1.7999999999999999E-2
107,2.5000000000000001E-4,0.0001,0.0001,0.0001,0.0001,0.0001,0.0001,0.00035,0.0015,0.0,3.0000000000000001E-3,1.0,2.9999999999999999E-2,2.5000000000000001E-2
108,3.2000000000000003E-4,0.0001,0.0001,0.0001,0.0001,0.0001,0.0001,3.8000000000000002E-4,0.0015,0.0,3.0000000000000001E-3,1.0,5.9999999999999998E-2,2.5000000000000001E-2
109,1.4999999999999999E-4,0.0,0.0,0.0,0.0,0.0,1.4999999999999999E-4,0.0,8.0000000000000004E-4,0.0015,0.0,1.0,1.4999999999999999E-2,1.4999999999999999E-2
110,1.4999999999999999E-4,0.0,0.0,0.0,0.0,0.0,1.4999999999999999E-4,0.0,0.001,0.0018,0.0,1.0,1.4999999999999999E-2,1.4999999999999999E-2
111,0.0,0.0,0.0,2.0000000000000001E-4,0.0,0.0001,0.0001,0.0,1.1999999999999999E-3,0.0015,0.0,1.0,1.4999999999999999E-2,1.4999999999999999E-2
112,0.0,2.5000000000000001E-4,0.0,2.5000000000000001E-4,0.0,0.0001,0.0001,0.0,0.0015,0.0015,0.0,1.0,1.4999999999999999E-2,1.4999999999999999E-2
201,0.0001,1.2999999999999999E-4,1.2999999999999999E-4,1.2999999999999999E-4,1.2999999999999999E-4,1.2999999999999999E-4,0.0001,0.0001,0.0015,0.0,0.0015,1.0,0.01,0.01
202,1.4999999999999999E-4,0.0001,0.0001,0.0001,0.0001,0.0001,0.0001,1.4999999999999999E-4,5.0000000000000001E-4,0.0,0.0015,1.0,0.01,0.01
203,6.9999999999999994E-5,0.0,0.0,0.0,0.0,0.0,0.0001,0.0,4.0000000000000002E-4,0.0015,0.0,1.0,0.01,0.01
204,0.0,0.0,0.0,5.0000000000000002E-5,0.0,0.0,0.0001,0.0,0.001,0.0015,0.0,1.0,0.01,0.01
205,2.0000000000000001E-4,2.5000000000000001E-4,2.5000000000000001E-4,2.5000000000000001E-4,2.5000000000000001E-4,2.5000000000000001E-4,0.0001,0.0001,3.0000000000000001E-3,0.0,3.0000000000000001E-3,1.0,2.5000000000000001E-2,1.7999999999999999E-2
206,2.0000000000000001E-4,3.2000000000000003E-4,3.2000000000000003E-4,3.2000000000000003E-4,3.2000000000000003E-4,3.2000000000000003E-4,0.0001,0.0001,3.0000000000000001E-3,0.0,3.0000000000000001E-3,1.0,5.0000000000000003E-2,1.7999999999999999E-2
207,2.5000000000000001E-4,0.0001,0.0001,0.0001,0.0001,0.0001,0.0001,0.00035,0.0015,0.0,3.0000000000000001E-3,1.0,2.9999999999999999E-2,2.5000000000000001E-2
208,3.2000000000000003E-4,0.0001,0.0001,0.0001,0.0001,0.0001,0.0001,3.8000000000000002E-4,0.0015,0.0,3.0000000000000001E-3,1.0,5.9999999999999998E-2,2.5000000000000001E-2
209,1.4999999999999999E-4,0.0,0.0,0.0,0.0,0.0,1.4999999999999999E-4,0.0,8.0000000000000004E-4,0.0015,0.0,1.0,1.4999999999999999E-2,1.4999999999999999E-2
210,1.4999999999999999E-4,0.0,0.0,0.0,0.0,0.0,1.4999999999999999E-4,0.0,0.001,0.0018,0.0,1.0,1.4999999999999999E-2,1.4999999999999999E-2
211,0.0,0.0,0.0,2.0000000000000001E-4,0.0,0.0001,0.0001,0.0,1.1999999999999999E-3,0.0015,0.0,1.0,1.4999999999999999E-2,1.4999999999999999E-2
212,0.0,2.5000000000000001E-4,0.0,2.5000000000000001E-4,0.0,0.0001,0.0001,0.0,0.0015,0.0015,0.0,1.0,1.4999999999999999E-2,1.4999999999999999E-2
