level,Exp
1,50
2,100
3,190
4,342
5,581
6,929
7,1393
8,1950
9,2535
10,5070
11,6084
12,7300
13,8760
14,10512
15,12612
16,15136
17,18163
18,21795
19,26154
20,52308
21,60154
22,69177
23,79553
25,105207
26,120988
27,139136
28,160006
29,184006
30,368012
31,404813
32,445294
33,489823
34,538805
35,808207
36,889027
37,977929
38,1075721
39,1183293
40,2366586
41,2603244
42,2863568
43,3149924
44,3464916
45,5197374
46,5717111
47,6288822
48,6917704
49,7609474
50,15218948
51,16740842
52,18414926
53,20256418
54,22282059
55,33423088
56,36765396
57,40441935
57,40441935
58,44486128
58,44486128
59,48934740
60,73402110
61,132123798
62,145336177
63,159869794
64,175856773
65,193442450
66,212786695
67,234065364
68,257471900
69,283219090
70,311540999
71,373849198
72,453852927
73,550977453
75,812028367
76,985802438
78,1453871690
79,1763786231
80,1898706631
