iNum,Name,Description,Type,ExpRecover,NeedStone
107736,Cure curse                                                                                                                                                                                                                                                ,Neutralizes any resistance decreasing spells.                                                                                                                                                                                                                                                                                                                                                                                                                                                                                                                                                                                                                                                                                                                                                                                                                                                                                                                                                                                           ,2,0,0
107748,Cure disease                                                                                                                                                                                                                                              ,Neutralizes any spells that decrease your HP                                                                                                                                                                                                                                                                                                                                                                                                                                                                                                                                                                                                                                                                                                                                                                                                                                                                                                                                                                                            ,1,0,0
108736,Cure curse                                                                                                                                                                                                                                                ,Neutralizes any resistance decreasing spells.                                                                                                                                                                                                                                                                                                                                                                                                                                                                                                                                                                                                                                                                                                                                                                                                                                                                                                                                                                                           ,2,0,0
108748,Cure disease                                                                                                                                                                                                                                              ,Neutralizes any spells that decrease your HP                                                                                                                                                                                                                                                                                                                                                                                                                                                                                                                                                                                                                                                                                                                                                                                                                                                                                                                                                                                            ,1,0,0
111525,Cure curse                                                                                                                                                                                                                                                ,Neutralizes any resistance decreasing spells.                                                                                                                                                                                                                                                                                                                                                                                                                                                                                                                                                                                                                                                                                                                                                                                                                                                                                                                                                                                           ,2,0,0
111535,Cure disease                                                                                                                                                                                                                                              ,Neutralizes spells that decrease your HP                                                                                                                                                                                                                                                                                                                                                                                                                                                                                                                                                                                                                                                                                                                                                                                                                                                                                                                                                                                                ,1,0,0
111733,Resurrection of love                                                                                                                                                                                                                                      ,Resurrect regaining 60% of the original experience lost                                                                                                                                                                                                                                                                                                                                                                                                                                                                                                                                                                                                                                                                                                                                                                                                                                                                                                                                                                                 ,3,10,4
111742,Resurrection of grace                                                                                                                                                                                                                                     ,Resurrect regaining 70% of the original experience lost                                                                                                                                                                                                                                                                                                                                                                                                                                                                                                                                                                                                                                                                                                                                                                                                                                                                                                                                                                                 ,3,10,10
111754,Resurrection of favors                                                                                                                                                                                                                                    ,Resurrect regaining 80% of the original experience lost                                                                                                                                                                                                                                                                                                                                                                                                                                                                                                                                                                                                                                                                                                                                                                                                                                                                                                                                                                                 ,3,10,30
112525,Cure curse                                                                                                                                                                                                                                                ,Neutralizes any resistance decreasing spells.                                                                                                                                                                                                                                                                                                                                                                                                                                                                                                                                                                                                                                                                                                                                                                                                                                                                                                                                                                                           ,2,0,0
112535,Cure disease                                                                                                                                                                                                                                              ,Neutralizes spells that decrease your HP                                                                                                                                                                                                                                                                                                                                                                                                                                                                                                                                                                                                                                                                                                                                                                                                                                                                                                                                                                                                ,1,0,0
112671,Bless of God                                                                                                                                                                                                                                              ,Neutralizes resistance decreasing spells on all party members.                                                                                                                                                                                                                                                                                                                                                                                                                                                                                                                                                                                                                                                                                                                                                                                                                                                                                                                                                                          ,2,0,0
112733,Resurrection of love                                                                                                                                                                                                                                      ,Resurrect regaining 60% of the original experience lost                                                                                                                                                                                                                                                                                                                                                                                                                                                                                                                                                                                                                                                                                                                                                                                                                                                                                                                                                                                 ,3,10,4
112742,Resurrection of grace                                                                                                                                                                                                                                     ,Resurrect regaining 70% of the original experience lost                                                                                                                                                                                                                                                                                                                                                                                                                                                                                                                                                                                                                                                                                                                                                                                                                                                                                                                                                                                 ,3,10,10
112754,Resurrection of favors                                                                                                                                                                                                                                    ,Resurrect regaining 80% of the original experience lost                                                                                                                                                                                                                                                                                                                                                                                                                                                                                                                                                                                                                                                                                                                                                                                                                                                                                                                                                                                 ,3,10,30
112805,Absoluteness                                                                                                                                                                                                                                              ,[Passive]Decreases all damages received by 10%                                                                                                                                                                                                                                                                                                                                                                                                                                                                                                                                                                                                                                                                                                                                                                                                                                                                                                                                                                                          ,1,0,0
207736,Cure curse                                                                                                                                                                                                                                                ,Neutralizes any resistance decreasing spells.                                                                                                                                                                                                                                                                                                                                                                                                                                                                                                                                                                                                                                                                                                                                                                                                                                                                                                                                                                                           ,2,0,0
207748,Cure disease                                                                                                                                                                                                                                              ,Neutralizes any spells that decrease your HP                                                                                                                                                                                                                                                                                                                                                                                                                                                                                                                                                                                                                                                                                                                                                                                                                                                                                                                                                                                            ,1,0,0
208736,Cure curse                                                                                                                                                                                                                                                ,Neutralizes any resistance decreasing spells.                                                                                                                                                                                                                                                                                                                                                                                                                                                                                                                                                                                                                                                                                                                                                                                                                                                                                                                                                                                           ,2,0,0
208748,Cure disease                                                                                                                                                                                                                                              ,Neutralizes any spells that decrease your HP                                                                                                                                                                                                                                                                                                                                                                                                                                                                                                                                                                                                                                                                                                                                                                                                                                                                                                                                                                                            ,1,0,0
211525,Cure curse                                                                                                                                                                                                                                                ,Neutralizes any resistance decreasing spells.                                                                                                                                                                                                                                                                                                                                                                                                                                                                                                                                                                                                                                                                                                                                                                                                                                                                                                                                                                                           ,2,0,0
211535,Cure disease                                                                                                                                                                                                                                              ,Neutralizes spells that decrease your HP                                                                                                                                                                                                                                                                                                                                                                                                                                                                                                                                                                                                                                                                                                                                                                                                                                                                                                                                                                                                ,1,0,0
211733,Resurrection of love                                                                                                                                                                                                                                      ,Resurrect regaining 60% of the original experience lost                                                                                                                                                                                                                                                                                                                                                                                                                                                                                                                                                                                                                                                                                                                                                                                                                                                                                                                                                                                 ,3,60,4
211742,Resurrection of grace                                                                                                                                                                                                                                     ,Resurrect regaining 70% of the original experience lost                                                                                                                                                                                                                                                                                                                                                                                                                                                                                                                                                                                                                                                                                                                                                                                                                                                                                                                                                                                 ,3,10,10
211754,Resurrection of favors                                                                                                                                                                                                                                    ,Resurrect regaining 80% of the original experience lost                                                                                                                                                                                                                                                                                                                                                                                                                                                                                                                                                                                                                                                                                                                                                                                                                                                                                                                                                                                 ,3,10,30
212525,Cure curse                                                                                                                                                                                                                                                ,Neutralizes any resistance decreasing spells.                                                                                                                                                                                                                                                                                                                                                                                                                                                                                                                                                                                                                                                                                                                                                                                                                                                                                                                                                                                           ,2,0,0
212535,Cure disease                                                                                                                                                                                                                                              ,Neutralizes spells that decrease your HP                                                                                                                                                                                                                                                                                                                                                                                                                                                                                                                                                                                                                                                                                                                                                                                                                                                                                                                                                                                                ,1,0,0
212671,Bless of God                                                                                                                                                                                                                                              ,Neutralizes resistance decreasing spells on all party members.                                                                                                                                                                                                                                                                                                                                                                                                                                                                                                                                                                                                                                                                                                                                                                                                                                                                                                                                                                          ,2,0,0
212733,Resurrection of love                                                                                                                                                                                                                                      ,Resurrect regaining 60% of the original experience lost                                                                                                                                                                                                                                                                                                                                                                                                                                                                                                                                                                                                                                                                                                                                                                                                                                                                                                                                                                                 ,3,10,4
212742,Resurrection of grace                                                                                                                                                                                                                                     ,Resurrect regaining 70% of the original experience lost                                                                                                                                                                                                                                                                                                                                                                                                                                                                                                                                                                                                                                                                                                                                                                                                                                                                                                                                                                                 ,3,10,10
212754,Resurrection of favors                                                                                                                                                                                                                                    ,Resurrect regaining 80% of the original experience lost                                                                                                                                                                                                                                                                                                                                                                                                                                                                                                                                                                                                                                                                                                                                                                                                                                                                                                                                                                                 ,3,10,30
212805,Absoluteness                                                                                                                                                                                                                                              ,[Passive]Decreases all damages received by 10%                                                                                                                                                                                                                                                                                                                                                                                                                                                                                                                                                                                                                                                                                                                                                                                                                                                                                                                                                                                          ,1,0,0
300133,Deruvish Cancel Magic                                                                                                                                                                                                                                     ,Deruvish Cancel Magic                                                                                                                                                                                                                                                                                                                                                                                                                                                                                                                                                                                                                                                                                                                                                                                                                                                                                                                                                                                                                   ,5,0,0
480001,Stone of life                                                                                                                                                                                                                                             ,Resurrect losing 60% of the original experience lose                                                                                                                                                                                                                                                                                                                                                                                                                                                                                                                                                                                                                                                                                                                                                                                                                                                                                                                                                                                    ,4,60,0
480002,Resurrection Scroll(50)                                                                                                                                                                                                                                   ,Recover 50% of the experience point                                                                                                                                                                                                                                                                                                                                                                                                                                                                                                                                                                                                                                                                                                                                                                                                                                                                                                                                                                                                     ,4,50,0
480003,Resurrection Scroll(60)                                                                                                                                                                                                                                   ,Recover 60% of the experience point                                                                                                                                                                                                                                                                                                                                                                                                                                                                                                                                                                                                                                                                                                                                                                                                                                                                                                                                                                                                     ,4,60,0
480004,Resurrection Scroll(100)                                                                                                                                                                                                                                  ,Recover 100% of the experience point                                                                                                                                                                                                                                                                                                                                                                                                                                                                                                                                                                                                                                                                                                                                                                                                                                                                                                                                                                                                    ,4,100,0
480005,Resurrection Scroll(50)                                                                                                                                                                                                                                   ,Recover 50% of the experience point                                                                                                                                                                                                                                                                                                                                                                                                                                                                                                                                                                                                                                                                                                                                                                                                                                                                                                                                                                                                     ,4,50,0
