Num,iname,Kind,Slot,Class,ReqLevel,ReqLevelMax,BuyPrice,SellPrice,Countable,Duration,Weight,SellingGroup,Effect1,Effect2,MagicNum,mname,Type1,Type2,UseItem,CastTime,ReCastTime,Moral,Msp,Range,ItemGroup,Etc,bakEtc,DirectType,FirstDamage,TimeDamage,EndDamage,tdur,Attribute,Radius
310310010,Iron Earring,91,10,0,1,99,640,0,0,1,0,0,460006,0,460006,Hyper Healing,3,0,310310010,15,250,1,0,0,9,0,0,1,0,50,0,60,0,0
379108000,Green Pearl (+0),97,15,0,1,99,400,0,1,1,1,0,490210,0,490210,Green Pearl,3,0,379108000,5,25,1,0,56,9,0,1,1,0,750,0,30,0,0
389097000,Persistent HP Scroll  (+0),97,15,0,1,99,20000,0,1,1,1,251,490132,0,490132,Persistent HP Scroll,3,0,389097000,16,16,31,0,67,9,0,1,1,0,4500,0,30,0,30
389059000,Potion of recovery (+0),97,17,0,1,99,24000,0,1,1,0,0,490059,0,490059,Potion of recovery,3,0,389059000,20,150,1,0,67,9,0,1,1,0,6000,0,180,0,0
389010000,Holy water (+0),97,17,0,1,99,70,0,1,1,50,253,490010,0,490010,Holy water,3,0,389010000,5,20,1,0,56,9,0,1,1,45,0,0,0,0,0
910012000,Holy water (+0),97,17,0,1,99,70,0,1,1,50,0,500012,0,500012,Holy water,3,0,910012000,5,20,1,0,56,9,0,1,1,45,0,0,0,0,0
389011000,Water of life (+0),97,17,0,1,99,160,0,1,1,60,253,490011,0,490011,Water of life,3,0,389011000,5,20,1,0,56,9,0,1,1,90,0,0,0,0,0
389060000,Water of life(Store) (+0),97,17,0,1,99,160,0,1,1,60,0,490060,0,490060,Water of life,3,0,389060000,5,25,1,0,56,9,0,1,1,90,0,0,0,0,0
910001000,Water of life(Coloseum Event) (+0),97,17,0,1,99,200,0,1,1,60,0,500001,0,500001,Water of life,3,0,910001000,5,25,1,0,56,9,0,1,1,90,0,0,0,0,0
389012000,Water of love (+0),97,17,0,1,99,600,0,1,1,70,253,490012,0,490012,Water of love,3,0,389012000,5,20,1,0,56,9,0,1,1,180,0,0,0,0,0
389061000,Water of love(Store) (+0),97,17,0,1,99,600,0,1,1,70,0,490061,0,490061,Water of love,3,0,389061000,5,25,1,0,56,9,0,1,1,180,0,0,0,0,0
910002000,Water of love(Coloseum Event) (+0),97,17,0,1,99,800,0,1,1,70,0,500002,0,500002,Water of love,3,0,910002000,5,25,1,0,56,9,0,1,1,180,0,0,0,0,0
389001000,Pink Rice Cake (small) (+0),97,17,0,1,99,500,0,1,1,0,0,490001,0,490001,Rice Cake(S),3,0,389001000,0,0,1,0,56,9,0,1,1,200,0,0,0,0,0
389013000,Water of grace (+0),97,17,0,1,99,2000,0,1,1,80,253,490013,0,490013,Water of grace,3,0,0,5,20,1,0,56,0,0,1,1,360,0,0,0,0,0
389062000,Water of grace(Store) (+0),97,17,0,1,99,2000,0,1,1,80,0,490062,0,490062,Water of grace,3,0,0,5,25,1,0,56,0,0,1,1,360,0,0,0,0,0
910003000,Water of grace(Coloseum Event) (+0),97,17,0,1,99,3000,0,1,1,80,0,500003,0,500003,Water of grace,3,0,910003000,5,25,1,0,56,9,0,1,1,360,0,0,0,0,0
379204000,Tyon Meat (+0),97,17,0,1,99,3000,0,1,1,10,0,490095,0,490095,Tyon meat,3,0,379204000,5,60,1,0,56,9,0,1,1,400,0,0,0,0,0
389002000,Pink Rice Cake (middle) (+0),97,17,0,1,99,500,0,1,1,0,0,490002,0,490002,Rice Cake(M),3,0,389002000,0,0,1,0,56,9,0,1,1,400,0,0,0,0,0
800055000,Cake (+0),255,15,0,1,99,50,0,0,5,10,0,490094,0,490094,Cake,3,0,800055000,5,20,1,0,56,9,0,1,1,500,0,0,0,0,0
389014000,Water of favors (+0),97,17,0,1,99,7000,0,1,1,90,253,490014,0,490014,Water of favors,3,0,0,5,20,1,0,56,9,0,1,1,720,0,0,0,0,0
389063000,Water of favors(Store) (+0),97,17,0,1,99,7000,0,1,1,90,0,490063,0,490063,Water of favors,3,0,389063000,5,20,1,0,56,9,0,1,1,720,0,0,0,0,0
910004000,Water of favors(Coloseum Event) (+0),97,17,0,1,99,4000,0,1,1,90,0,500004,0,500004,Water of favors,3,0,910004000,5,20,1,0,56,9,0,1,1,720,0,0,0,0,0
389003000,Pink Rice Cake (large) (+0),97,17,0,1,99,500,0,1,1,0,0,490003,0,490003,Rice Cake(L),3,0,389003000,0,0,1,0,56,9,0,1,1,800,0,0,0,0,0
800082000,Pink Rice Cake (large) (+0),255,15,0,1,99,500,0,0,30,0,0,491016,0,491016,Rice Cake(L),3,0,800082000,0,0,1,0,56,9,0,1,1,800,0,0,0,0,0
389210000,Holy Water of Ancient Grace (+0),97,16,0,1,99,8500,0,1,1,90,0,490601,0,490601,Water of bless,3,0,389210000,5,25,1,0,56,9,0,0,1,810,0,0,0,0,0
389015000,Water of bless (+0),97,17,0,1,99,10000,0,1,1,100,0,490015,0,490015,Water of bless,3,0,389015000,5,20,1,0,56,9,0,1,1,1440,0,0,0,0,0
389064000,Water of bless(Store) (+0),97,17,0,1,99,10000,0,1,1,100,0,490064,0,490064,Water of bless,3,0,389064000,5,25,1,0,56,9,0,1,1,1440,0,0,0,0,0
910005000,Water of bless(Coloseum Event) (+0),97,17,0,1,99,10000,0,1,1,100,0,500005,0,500005,Water of bless,3,0,910005000,5,25,1,0,56,9,0,1,1,1440,0,0,0,0,0
389093000,HP Scroll  (+0),97,15,0,1,99,25000,0,1,1,1,251,490131,0,490131,HP Scroll,3,0,389093000,16,16,31,0,67,9,0,1,1,2000,0,0,0,0,30
379104000,Abyss Blessing (+0),97,15,0,1,99,950,0,1,1,50,0,490207,0,490207,Abyss Blessing,3,0,379104000,5,25,1,0,56,9,0,1,1,3600,3000,0,60,0,0
389030000,Prayer of the laying on of hands (+0),97,17,4,1,99,4000,0,1,1,150,0,490030,0,490030,Prayer of the laying on of hands,3,0,389030000,20,55,2,0,56,9,0,1,1,10000,0,0,0,0,0
389016000,Potion of spirit (+0),97,17,0,1,99,160,0,1,1,22,253,490016,0,490016,Potion of spirit,3,0,389016000,5,20,1,0,56,9,0,1,2,120,0,0,0,0,0
389078000,Potion of spirit (+0),97,17,0,1,99,160,0,1,1,22,0,490078,0,490078,Potion of spirit,3,0,389078000,5,20,1,0,56,9,0,1,2,120,0,0,0,0,0
910006000,Potion of spirit(Coloseum Event) (+0),97,17,0,1,99,100,0,1,1,22,0,500006,0,500006,Portion of spirit,3,0,910006000,5,20,1,0,56,9,0,1,2,120,0,0,0,0,0
389004000,Green  Rice Cake (small) (+0),97,17,0,1,99,500,0,1,1,0,0,490004,0,490004,Green Rice Cake(S),3,0,389004000,0,0,1,0,56,9,0,1,2,200,0,0,0,0,0
389017000,Potion of intelligence (+0),97,17,0,1,99,600,0,1,1,24,253,490017,0,490017,Potion of intelligence,3,0,389017000,5,20,1,0,56,9,0,1,2,240,0,0,0,0,0
389079000,Potion of intelligence (+0),97,17,0,1,99,600,0,1,1,24,0,490079,0,490079,Potion of intelligence,3,0,389079000,5,20,1,0,56,9,0,1,2,240,0,0,0,0,0
910007000,Potion of intelligence(Coloseum Event) (+0),97,17,0,1,99,200,0,1,1,24,0,500007,0,500007,Potion of intelligence,3,0,910007000,5,20,1,0,56,9,0,1,2,240,0,0,0,0,0
389005000,Green  Rice Cake (middle) (+0),97,17,0,1,99,500,0,1,1,0,0,490005,0,490005,Green Rice Cake(M),3,0,389005000,0,0,1,0,56,9,0,1,2,400,0,0,0,0,0
389018000,Potion of sagacity (+0),97,17,0,1,99,2000,0,1,1,26,253,490018,0,490018,Potion of sagacity,3,0,389018000,5,20,1,0,56,9,0,1,2,480,0,0,0,0,0
389080000,Potion of sagacity (+0),97,17,0,1,99,2000,0,1,1,26,0,490080,0,490080,Potion of sagacity,3,0,389080000,5,20,1,0,56,9,0,1,2,480,0,0,0,0,0
910008000,Potion of sagacity(Coloseum Event) (+0),97,17,0,1,99,300,0,1,1,26,0,500008,0,500008,Potion of sagacity,3,0,910008000,5,20,1,0,56,9,0,1,2,480,0,0,0,0,0
389006000,Green  Rice Cake (large) (+0),97,17,0,1,99,500,0,1,1,0,0,490006,0,490006,Green Rice Cake(L),3,0,389006000,0,0,1,0,56,9,0,1,2,800,0,0,0,0,0
800081000,Green  Rice Cake (large) (+0),255,15,0,1,99,500,0,0,30,0,0,491015,0,491015,Green Rice Cake(L),3,0,800081000,0,0,1,0,56,9,0,1,2,800,0,0,0,0,0
389019000,Potion of wisdom (+0),97,17,0,1,99,7000,0,1,1,28,253,490019,0,490019,Potion of wisdom,3,0,0,5,20,1,0,56,0,0,1,2,960,0,0,0,0,0
389081000,Potion of wisdom (+0),97,17,0,1,99,7000,0,1,1,28,0,490081,0,490081,Potion of wisdom,3,0,0,5,20,1,0,56,0,0,1,2,960,0,0,0,0,0
910009000,Potion of wisdom(Coloseum Event) (+0),97,17,0,1,99,400,0,1,1,28,0,500009,0,500009,Potion of wisdom,3,0,910009000,5,20,1,0,56,9,0,1,2,960,0,0,0,0,0
389020000,Potion of soul (+0),97,17,0,1,99,15000,0,1,1,30,253,490020,0,490020,Potion of soul,3,0,0,5,20,1,0,56,9,0,1,2,1920,0,0,0,0,0
389082000,Potion of soul (+0),97,17,0,1,99,15000,0,1,1,30,0,490082,0,490082,Potion of soul,3,0,0,5,20,1,0,56,9,0,1,2,1920,0,0,0,0,0
910010000,Potion of soul(Coloseum Event) (+0),97,17,0,1,99,500,0,1,1,30,0,500010,0,500010,Portion of soul,3,0,910010000,5,20,1,0,56,9,0,1,2,1920,0,0,0,0,0
389220000,Potion of Ancient Spirit (+0),97,16,0,1,99,17500,0,1,1,30,0,490701,0,490701,Potion of soul,3,0,389220000,5,20,1,0,56,9,0,0,2,2160,0,0,0,0,0
800019000,Clarity potion (+0),255,15,0,1,99,1000,0,0,20,1,0,500037,0,500037,PowerUP Mana(test),3,0,800019000,0,0,1,0,0,9,0,1,2,3600,3000,0,60,0,0
389184000,Super MP Shell [Lunar War] (+0),97,15,0,1,99,6000,0,1,1,30,250,490113,0,490113,Super MP Shell,3,0,389184000,16,30,7,0,45,9,0,0,3,10,0,10,0,0,10
389085000,Super MP Shell (+0),97,15,0,1,99,20000,0,1,1,30,251,490102,0,490102,Super MP Shell,3,0,389085000,16,30,7,0,45,9,0,0,3,20,0,0,0,0,10
389183000,MP Shell [Lunar War] (+0),97,15,0,1,99,4000,0,1,1,30,250,490112,0,490112,MP Shell,3,0,389183000,16,30,7,0,45,9,0,0,3,20,0,5,0,0,10
389084000,MP Shell (+0),97,15,0,1,99,12500,0,1,1,30,251,490101,0,490101,MP Shell,3,0,389084000,16,30,7,0,45,9,0,0,3,50,0,0,0,0,5
389086000,Hyper MP Shell (+0),97,15,0,1,99,100000,0,1,1,30,0,490103,0,490103,Hyper MP Shell,3,0,389086000,16,30,7,0,11,9,0,0,3,80,0,0,0,0,5
