ZoneID,NpcID,ActType,RegenType,DungeonFamily,SpecialType,TrapNumber,LeftX,TopZ,RightX,BottomZ,LimitMinX,LimitMinZ,LimitMaxX,LimitMaxZ,NumNPC,RegTime,byDirection,DotCnt,path,src,sSid,strName,sPid,sSize,iWeapon1,iWeapon2,byGroup,byActType,byType,byFamily,byRank,byTitle,iSellingGroup,sLevel,iExp,iLoyalty,iHpPoint,sMpPoint,sAtk,sAc,sHitRate,sEvadeRate,sDamage,sAttackDelay,bySpeed1,bySpeed2,sStandtime,iMagic1,iMagic2,iMagic3,sFireR,sColdR,sLightningR,sMagicR,sDiseaseR,sPoisonR,sLightR,sBulk,byAttackRange,bySearchRange,byTracingRange,iMoney,sItem,byDirectAttack,byMagicAttack,byMoneyType,class,nation,centerX,centerZ
71,601,100,0,0,0,0,1013,993,1015,991,0,0,0,0,1,600,180,0,,K_NPC,601,Bifrost Monument,30020,100,0,0,0,0,155,1,1,1,0,100,10000,1200,700000,0,0,15000,642,842,0,1000,0,0,1000,0,0,0,30000,30000,30000,30000,30000,30000,30000,100,5,5,5,0,0,0,0,0,monument [NPC_BIFROST_MONUMENT],none/neutral,1014.0,992.0
71,602,100,0,0,0,0,1027,1019,1028,1018,0,0,0,0,1,60,106,0,,K_NPC,602,Bifrost Gate,30100,100,0,0,3,0,150,1,1,1,0,80,0,0,10000,0,0,480,375,375,0,1000,0,0,1000,0,0,0,250,250,250,250,250,250,250,100,5,5,5,0,0,0,0,0,gate [NPC_GATE2],3(?),1027.5,1018.5
71,5300,104,0,0,0,0,666,886,668,884,660,893,681,873,1,60,0,0,,K_NPC,5300,Guard tower,5301,100,0,0,2,0,62,1,1,1,0,90,0,0,100000,0,0,15000,497,497,0,1000,0,0,1000,300139,0,0,255,255,255,255,255,255,255,200,30,35,35,0,0,1,1,0,guard tower [NPC_GUARD_TOWER1],El Morad,667.0,885.0
71,5300,104,0,0,0,0,597,914,599,912,588,924,610,902,1,60,0,0,,K_NPC,5300,Guard tower,5301,100,0,0,2,0,62,1,1,1,0,90,0,0,100000,0,0,15000,497,497,0,1000,0,0,1000,300139,0,0,255,255,255,255,255,255,255,200,30,35,35,0,0,1,1,0,guard tower [NPC_GUARD_TOWER1],El Morad,598.0,913.0
71,5300,104,0,0,0,0,665,930,666,928,659,939,677,919,1,60,0,0,,K_NPC,5300,Guard tower,5301,100,0,0,2,0,62,1,1,1,0,90,0,0,100000,0,0,15000,497,497,0,1000,0,0,1000,300139,0,0,255,255,255,255,255,255,255,200,30,35,35,0,0,1,1,0,guard tower [NPC_GUARD_TOWER1],El Morad,665.5,929.0
71,5300,104,0,0,0,0,594,870,596,868,587,876,608,860,1,60,0,0,,K_NPC,5300,Guard tower,5301,100,0,0,2,0,62,1,1,1,0,90,0,0,100000,0,0,15000,497,497,0,1000,0,0,1000,300139,0,0,255,255,255,255,255,255,255,200,30,35,35,0,0,1,1,0,guard tower [NPC_GUARD_TOWER1],El Morad,595.0,869.0
71,5300,104,0,0,0,0,655,949,657,947,648,956,671,935,1,60,0,0,,K_NPC,5300,Guard tower,5301,100,0,0,2,0,62,1,1,1,0,90,0,0,100000,0,0,15000,497,497,0,1000,0,0,1000,300139,0,0,255,255,255,255,255,255,255,200,30,35,35,0,0,1,1,0,guard tower [NPC_GUARD_TOWER1],El Morad,656.0,948.0
71,5300,104,0,0,0,0,573,885,574,884,566,892,581,876,1,60,0,0,,K_NPC,5300,Guard tower,5301,100,0,0,2,0,62,1,1,1,0,90,0,0,100000,0,0,15000,497,497,0,1000,0,0,1000,300139,0,0,255,255,255,255,255,255,255,200,30,35,35,0,0,1,1,0,guard tower [NPC_GUARD_TOWER1],El Morad,573.5,884.5
71,5300,104,0,0,0,0,634,954,636,952,627,959,646,945,1,60,0,0,,K_NPC,5300,Guard tower,5301,100,0,0,2,0,62,1,1,1,0,90,0,0,100000,0,0,15000,497,497,0,1000,0,0,1000,300139,0,0,255,255,255,255,255,255,255,200,30,35,35,0,0,1,1,0,guard tower [NPC_GUARD_TOWER1],El Morad,635.0,953.0
71,5300,104,0,0,0,0,651,873,653,872,646,881,662,863,1,60,0,0,,K_NPC,5300,Guard tower,5301,100,0,0,2,0,62,1,1,1,0,90,0,0,100000,0,0,15000,497,497,0,1000,0,0,1000,300139,0,0,255,255,255,255,255,255,255,200,30,35,35,0,0,1,1,0,guard tower [NPC_GUARD_TOWER1],El Morad,652.0,872.5
71,5300,104,0,0,0,0,613,864,615,862,603,872,629,850,1,60,0,0,,K_NPC,5300,Guard tower,5301,100,0,0,2,0,62,1,1,1,0,90,0,0,100000,0,0,15000,497,497,0,1000,0,0,1000,300139,0,0,255,255,255,255,255,255,255,200,30,35,35,0,0,1,1,0,guard tower [NPC_GUARD_TOWER1],El Morad,614.0,863.0
71,5300,104,0,0,0,0,633,865,635,863,628,873,649,853,1,60,0,0,,K_NPC,5300,Guard tower,5301,100,0,0,2,0,62,1,1,1,0,90,0,0,100000,0,0,15000,497,497,0,1000,0,0,1000,300139,0,0,255,255,255,255,255,255,255,200,30,35,35,0,0,1,1,0,guard tower [NPC_GUARD_TOWER1],El Morad,634.0,864.0
71,5300,104,0,0,0,0,601,897,603,895,591,906,614,885,1,60,0,0,,K_NPC,5300,Guard tower,5301,100,0,0,2,0,62,1,1,1,0,90,0,0,100000,0,0,15000,497,497,0,1000,0,0,1000,300139,0,0,255,255,255,255,255,255,255,200,30,35,35,0,0,1,1,0,guard tower [NPC_GUARD_TOWER1],El Morad,602.0,896.0
71,5300,104,0,0,0,0,613,956,616,954,606,963,625,946,1,60,0,0,,K_NPC,5300,Guard tower,5301,100,0,0,2,0,62,1,1,1,0,90,0,0,100000,0,0,15000,497,497,0,1000,0,0,1000,300139,0,0,255,255,255,255,255,255,255,200,30,35,35,0,0,1,1,0,guard tower [NPC_GUARD_TOWER1],El Morad,614.5,955.0
71,5300,104,0,0,0,0,577,936,579,934,570,944,589,927,1,60,0,0,,K_NPC,5300,Guard tower,5301,100,0,0,2,0,62,1,1,1,0,90,0,0,100000,0,0,15000,497,497,0,1000,0,0,1000,300139,0,0,255,255,255,255,255,255,255,200,30,35,35,0,0,1,1,0,guard tower [NPC_GUARD_TOWER1],El Morad,578.0,935.0
71,5300,104,0,0,0,0,669,907,671,905,658,917,680,893,1,60,0,0,,K_NPC,5300,Guard tower,5301,100,0,0,2,0,62,1,1,1,0,90,0,0,100000,0,0,15000,497,497,0,1000,0,0,1000,300139,0,0,255,255,255,255,255,255,255,200,30,35,35,0,0,1,1,0,guard tower [NPC_GUARD_TOWER1],El Morad,670.0,906.0
71,5300,104,0,0,0,0,574,911,576,908,567,918,582,901,1,60,0,0,,K_NPC,5300,Guard tower,5301,100,0,0,2,0,62,1,1,1,0,90,0,0,100000,0,0,15000,497,497,0,1000,0,0,1000,300139,0,0,255,255,255,255,255,255,255,200,30,35,35,0,0,1,1,0,guard tower [NPC_GUARD_TOWER1],El Morad,575.0,909.5
71,5300,104,0,0,0,0,646,924,648,922,638,932,658,915,1,60,0,0,,K_NPC,5300,Guard tower,5301,100,0,0,2,0,62,1,1,1,0,90,0,0,100000,0,0,15000,497,497,0,1000,0,0,1000,300139,0,0,255,255,255,255,255,255,255,200,30,35,35,0,0,1,1,0,guard tower [NPC_GUARD_TOWER1],El Morad,647.0,923.0
71,5300,104,0,0,0,0,649,910,651,908,643,916,662,897,1,60,0,0,,K_NPC,5300,Guard tower,5301,100,0,0,2,0,62,1,1,1,0,90,0,0,100000,0,0,15000,497,497,0,1000,0,0,1000,300139,0,0,255,255,255,255,255,255,255,200,30,35,35,0,0,1,1,0,guard tower [NPC_GUARD_TOWER1],El Morad,650.0,909.0
71,5300,104,0,0,0,0,593,949,595,947,585,955,603,942,1,60,0,0,,K_NPC,5300,Guard tower,5301,100,0,0,2,0,62,1,1,1,0,90,0,0,100000,0,0,15000,497,497,0,1000,0,0,1000,300139,0,0,255,255,255,255,255,255,255,200,30,35,35,0,0,1,1,0,guard tower [NPC_GUARD_TOWER1],El Morad,594.0,948.0
71,5400,104,0,0,0,0,1334,1062,1336,1060,1330,1068,1346,1053,1,60,0,0,,K_NPC,5400,Guard tower,5401,100,0,0,1,0,62,1,1,1,0,90,0,0,100000,0,0,15000,497,497,0,1000,0,0,1000,300139,0,0,255,255,255,255,255,255,255,200,30,35,35,0,0,1,1,0,guard tower [NPC_GUARD_TOWER1],Karus,1335.0,1061.0
71,5400,104,0,0,0,0,1349,1087,1351,1085,1342,1094,1360,1078,1,60,0,0,,K_NPC,5400,Guard tower,5401,100,0,0,1,0,62,1,1,1,0,90,0,0,100000,0,0,15000,497,497,0,1000,0,0,1000,300139,0,0,255,255,255,255,255,255,255,200,30,35,35,0,0,1,1,0,guard tower [NPC_GUARD_TOWER1],Karus,1350.0,1086.0
71,5400,104,0,0,0,0,1354,1072,1356,1071,1348,1079,1363,1062,1,60,0,0,,K_NPC,5400,Guard tower,5401,100,0,0,1,0,62,1,1,1,0,90,0,0,100000,0,0,15000,497,497,0,1000,0,0,1000,300139,0,0,255,255,255,255,255,255,255,200,30,35,35,0,0,1,1,0,guard tower [NPC_GUARD_TOWER1],Karus,1355.0,1071.5
71,5400,104,0,0,0,0,1398,1101,1400,1099,1394,1108,1410,1089,1,60,0,0,,K_NPC,5400,Guard tower,5401,100,0,0,1,0,62,1,1,1,0,90,0,0,100000,0,0,15000,497,497,0,1000,0,0,1000,300139,0,0,255,255,255,255,255,255,255,200,30,35,35,0,0,1,1,0,guard tower [NPC_GUARD_TOWER1],Karus,1399.0,1100.0
71,5400,104,0,0,0,0,1403,1086,1404,1085,1396,1092,1418,1075,1,60,0,0,,K_NPC,5400,Guard tower,5401,100,0,0,1,0,62,1,1,1,0,90,0,0,100000,0,0,15000,497,497,0,1000,0,0,1000,300139,0,0,255,255,255,255,255,255,255,200,30,35,35,0,0,1,1,0,guard tower [NPC_GUARD_TOWER1],Karus,1403.5,1085.5
71,5400,104,0,0,0,0,1343,1125,1345,1124,1338,1130,1353,1117,1,60,0,0,,K_NPC,5400,Guard tower,5401,100,0,0,1,0,62,1,1,1,0,90,0,0,100000,0,0,15000,497,497,0,1000,0,0,1000,300139,0,0,255,255,255,255,255,255,255,200,30,35,35,0,0,1,1,0,guard tower [NPC_GUARD_TOWER1],Karus,1344.0,1124.5
71,5400,104,0,0,0,0,1405,1130,1407,1128,1397,1135,1419,1117,1,60,0,0,,K_NPC,5400,Guard tower,5401,100,0,0,1,0,62,1,1,1,0,90,0,0,100000,0,0,15000,497,497,0,1000,0,0,1000,300139,0,0,255,255,255,255,255,255,255,200,30,35,35,0,0,1,1,0,guard tower [NPC_GUARD_TOWER1],Karus,1406.0,1129.0
71,5400,104,0,0,0,0,1422,1088,1423,1086,1413,1095,1431,1077,1,60,0,0,,K_NPC,5400,Guard tower,5401,100,0,0,1,0,62,1,1,1,0,90,0,0,100000,0,0,15000,497,497,0,1000,0,0,1000,300139,0,0,255,255,255,255,255,255,255,200,30,35,35,0,0,1,1,0,guard tower [NPC_GUARD_TOWER1],Karus,1422.5,1087.0
71,5400,104,0,0,0,0,1414,1111,1416,1109,1407,1117,1423,1101,1,60,0,0,,K_NPC,5400,Guard tower,5401,100,0,0,1,0,62,1,1,1,0,90,0,0,100000,0,0,15000,497,497,0,1000,0,0,1000,300139,0,0,255,255,255,255,255,255,255,200,30,35,35,0,0,1,1,0,guard tower [NPC_GUARD_TOWER1],Karus,1415.0,1110.0
71,5400,104,0,0,0,0,1328,1085,1330,1083,1320,1092,1338,1076,1,60,0,0,,K_NPC,5400,Guard tower,5401,100,0,0,1,0,62,1,1,1,0,90,0,0,100000,0,0,15000,497,497,0,1000,0,0,1000,300139,0,0,255,255,255,255,255,255,255,200,30,35,35,0,0,1,1,0,guard tower [NPC_GUARD_TOWER1],Karus,1329.0,1084.0
71,5400,104,0,0,0,0,1328,1110,1329,1108,1321,1117,1339,1100,1,60,0,0,,K_NPC,5400,Guard tower,5401,100,0,0,1,0,62,1,1,1,0,90,0,0,100000,0,0,15000,497,497,0,1000,0,0,1000,300139,0,0,255,255,255,255,255,255,255,200,30,35,35,0,0,1,1,0,guard tower [NPC_GUARD_TOWER1],Karus,1328.5,1109.0
71,5400,104,0,0,0,0,1361,1134,1363,1133,1354,1139,1373,1124,1,60,0,0,,K_NPC,5400,Guard tower,5401,100,0,0,1,0,62,1,1,1,0,90,0,0,100000,0,0,15000,497,497,0,1000,0,0,1000,300139,0,0,255,255,255,255,255,255,255,200,30,35,35,0,0,1,1,0,guard tower [NPC_GUARD_TOWER1],Karus,1362.0,1133.5
71,5400,104,0,0,0,0,1383,1136,1385,1134,1379,1141,1392,1128,1,60,0,0,,K_NPC,5400,Guard tower,5401,100,0,0,1,0,62,1,1,1,0,90,0,0,100000,0,0,15000,497,497,0,1000,0,0,1000,300139,0,0,255,255,255,255,255,255,255,200,30,35,35,0,0,1,1,0,guard tower [NPC_GUARD_TOWER1],Karus,1384.0,1135.0
71,5400,104,0,0,0,0,1409,1050,1411,1049,1406,1056,1419,1043,1,60,0,0,,K_NPC,5400,Guard tower,5401,100,0,0,1,0,62,1,1,1,0,90,0,0,100000,0,0,15000,497,497,0,1000,0,0,1000,300139,0,0,255,255,255,255,255,255,255,200,30,35,35,0,0,1,1,0,guard tower [NPC_GUARD_TOWER1],Karus,1410.0,1049.5
71,5400,104,0,0,0,0,1366,1038,1368,1037,1358,1047,1374,1030,1,60,0,0,,K_NPC,5400,Guard tower,5401,100,0,0,1,0,62,1,1,1,0,90,0,0,100000,0,0,15000,497,497,0,1000,0,0,1000,300139,0,0,255,255,255,255,255,255,255,200,30,35,35,0,0,1,1,0,guard tower [NPC_GUARD_TOWER1],Karus,1367.0,1037.5
71,5400,104,0,0,0,0,1389,1039,1390,1037,1382,1045,1398,1029,1,60,0,0,,K_NPC,5400,Guard tower,5401,100,0,0,1,0,62,1,1,1,0,90,0,0,100000,0,0,15000,497,497,0,1000,0,0,1000,300139,0,0,255,255,255,255,255,255,255,200,30,35,35,0,0,1,1,0,guard tower [NPC_GUARD_TOWER1],Karus,1389.5,1038.0
71,5400,104,0,0,0,0,1423,1066,1424,1065,1418,1072,1436,1055,1,60,0,0,,K_NPC,5400,Guard tower,5401,100,0,0,1,0,62,1,1,1,0,90,0,0,100000,0,0,15000,497,497,0,1000,0,0,1000,300139,0,0,255,255,255,255,255,255,255,200,30,35,35,0,0,1,1,0,guard tower [NPC_GUARD_TOWER1],Karus,1423.5,1065.5
71,5400,104,0,0,0,0,1345,1044,1347,1042,1340,1049,1356,1035,1,60,0,0,,K_NPC,5400,Guard tower,5401,100,0,0,1,0,62,1,1,1,0,90,0,0,100000,0,0,15000,497,497,0,1000,0,0,1000,300139,0,0,255,255,255,255,255,255,255,200,30,35,35,0,0,1,1,0,guard tower [NPC_GUARD_TOWER1],Karus,1346.0,1043.0
71,5310,104,0,0,0,0,631,911,632,910,625,917,637,904,1,60,46,0,,K_NPC,5310,Guard tower,5301,100,0,0,2,0,62,1,1,1,0,120,0,0,100000,0,0,15000,1011,1011,0,1000,0,0,1000,300199,0,0,255,255,255,255,255,255,255,200,20,35,35,0,0,1,1,0,guard tower [NPC_GUARD_TOWER1],El Morad,631.5,910.5
71,5310,104,0,0,0,0,611,911,613,909,606,916,618,904,1,60,135,0,,K_NPC,5310,Guard tower,5301,100,0,0,2,0,62,1,1,1,0,120,0,0,100000,0,0,15000,1011,1011,0,1000,0,0,1000,300199,0,0,255,255,255,255,255,255,255,200,20,35,35,0,0,1,1,0,guard tower [NPC_GUARD_TOWER1],El Morad,612.0,910.0
71,5310,104,0,0,0,0,621,921,622,920,615,926,627,914,1,60,180,0,,K_NPC,5310,Guard tower,5301,100,0,0,2,0,62,1,1,1,0,120,0,0,100000,0,0,15000,1011,1011,0,1000,0,0,1000,300199,0,0,255,255,255,255,255,255,255,200,20,35,35,0,0,1,1,0,guard tower [NPC_GUARD_TOWER1],El Morad,621.5,920.5
71,5310,104,0,0,0,0,621,902,622,900,616,907,627,895,1,60,89,0,,K_NPC,5310,Guard tower,5301,100,0,0,2,0,62,1,1,1,0,120,0,0,100000,0,0,15000,1011,1011,0,1000,0,0,1000,300199,0,0,255,255,255,255,255,255,255,200,20,35,35,0,0,1,1,0,guard tower [NPC_GUARD_TOWER1],El Morad,621.5,901.0
71,5410,104,0,0,0,0,1374,1077,1375,1076,1370,1081,1379,1072,1,60,90,0,,K_NPC,5410,Guard tower,5401,100,0,0,1,0,62,1,1,1,0,120,0,0,100000,0,0,15000,1011,1011,0,1000,0,0,1000,300199,0,0,255,255,255,255,255,255,255,200,20,35,35,0,0,1,1,0,guard tower [NPC_GUARD_TOWER1],Karus,1374.5,1076.5
71,5410,104,0,0,0,0,1367,1085,1368,1084,1363,1089,1371,1081,1,60,136,0,,K_NPC,5410,Guard tower,5401,100,0,0,1,0,62,1,1,1,0,120,0,0,100000,0,0,15000,1011,1011,0,1000,0,0,1000,300199,0,0,255,255,255,255,255,255,255,200,20,35,35,0,0,1,1,0,guard tower [NPC_GUARD_TOWER1],Karus,1367.5,1084.5
71,5410,104,0,0,0,0,1374,1093,1376,1091,1370,1096,1379,1088,1,60,180,0,,K_NPC,5410,Guard tower,5401,100,0,0,1,0,62,1,1,1,0,120,0,0,100000,0,0,15000,1011,1011,0,1000,0,0,1000,300199,0,0,255,255,255,255,255,255,255,200,20,35,35,0,0,1,1,0,guard tower [NPC_GUARD_TOWER1],Karus,1375.0,1092.0
71,5410,104,0,0,0,0,1382,1085,1383,1084,1378,1089,1387,1080,1,60,44,0,,K_NPC,5410,Guard tower,5401,100,0,0,1,0,62,1,1,1,0,120,0,0,100000,0,0,15000,1011,1011,0,1000,0,0,1000,300199,0,0,255,255,255,255,255,255,255,200,20,35,35,0,0,1,1,0,guard tower [NPC_GUARD_TOWER1],Karus,1382.5,1084.5
71,14001,102,0,0,0,0,867,668,880,649,857,721,966,643,2,40,0,9,"8,72066E+70",K_NPC,14001,Elmorad Warrior,11000,100,150410000,170410000,2,5,0,1,1,2,0,45,3078,0,3415,3115,0,324,63,155,241,1500,2,7,1000,0,0,0,75,75,75,75,75,75,75,90,7,14,35,746,14001,0,0,0,"nation soldier NPC (K_NPC byType 0, loader turns it into NPC_GENERAL) [NPC_MONSTER]",El Morad,873.5,658.5
71,14001,102,0,0,0,0,631,798,659,773,459,1048,777,755,2,40,0,22,"6,4108E+174",K_NPC,14001,Elmorad Warrior,11000,100,150410000,170410000,2,5,0,1,1,2,0,45,3078,0,3415,3115,0,324,63,155,241,1500,2,7,1000,0,0,0,75,75,75,75,75,75,75,90,7,14,35,746,14001,0,0,0,"nation soldier NPC (K_NPC byType 0, loader turns it into NPC_GENERAL) [NPC_MONSTER]",El Morad,645.0,785.5
71,14004,101,0,0,0,0,1269,1492,1294,1467,1267,1495,1297,1465,5,40,0,0,,K_NPC,14004,Elmorad Commander,11000,100,120310000,170410000,2,5,0,1,1,2,0,48,3640,0,3996,3587,0,345,72,178,284,1500,2,7,2000,0,0,0,80,80,80,48,80,80,80,90,7,14,35,955,14004,0,0,0,"nation soldier NPC (K_NPC byType 0, loader turns it into NPC_GENERAL) [NPC_MONSTER]",El Morad,1281.5,1479.5
71,14004,102,0,0,0,0,941,683,953,672,860,687,963,603,2,40,0,7,"9,45068E+54",K_NPC,14004,Elmorad Commander,11000,100,120310000,170410000,2,5,0,1,1,2,0,48,3640,0,3996,3587,0,345,72,178,284,1500,2,7,2000,0,0,0,80,80,80,48,80,80,80,90,7,14,35,955,14004,0,0,0,"nation soldier NPC (K_NPC byType 0, loader turns it into NPC_GENERAL) [NPC_MONSTER]",El Morad,947.0,677.5
71,14004,102,0,0,0,0,554,1040,584,1014,456,1058,780,757,2,40,0,22,"5,711E+174",K_NPC,14004,Elmorad Commander,11000,100,120310000,170410000,2,5,0,1,1,2,0,48,3640,0,3996,3587,0,345,72,178,284,1500,2,7,2000,0,0,0,80,80,80,48,80,80,80,90,7,14,35,955,14004,0,0,0,"nation soldier NPC (K_NPC byType 0, loader turns it into NPC_GENERAL) [NPC_MONSTER]",El Morad,569.0,1027.0
71,14004,102,0,0,0,0,772,615,775,612,764,622,797,585,1,150,23,3,"7,73061E+22",K_NPC,14004,Elmorad Commander,11000,100,120310000,170410000,2,5,0,1,1,2,0,48,3640,0,3996,3587,0,345,72,178,284,1500,2,7,2000,0,0,0,80,80,80,48,80,80,80,90,7,14,35,955,14004,0,0,0,"nation soldier NPC (K_NPC byType 0, loader turns it into NPC_GENERAL) [NPC_MONSTER]",El Morad,773.5,613.5
71,14004,102,0,0,0,0,783,603,785,600,765,620,797,585,1,150,25,3,"7,8406E+22",K_NPC,14004,Elmorad Commander,11000,100,120310000,170410000,2,5,0,1,1,2,0,48,3640,0,3996,3587,0,345,72,178,284,1500,2,7,2000,0,0,0,80,80,80,48,80,80,80,90,7,14,35,955,14004,0,0,0,"nation soldier NPC (K_NPC byType 0, loader turns it into NPC_GENERAL) [NPC_MONSTER]",El Morad,784.0,601.5
71,14005,101,0,0,0,0,1299,1578,1328,1563,1296,1580,1331,1561,3,40,0,0,,K_NPC,14005,Elmorad Assassin,11510,100,111110000,111110000,2,5,0,1,3,3,0,50,4051,0,4417,3927,0,360,78,194,316,1500,2,7,2000,0,0,0,84,84,84,84,84,84,84,90,7,14,35,1032,14005,0,0,0,"nation soldier NPC (K_NPC byType 0, loader turns it into NPC_GENERAL) [NPC_MONSTER]",El Morad,1313.5,1570.5
71,14006,101,0,0,0,0,1501,1336,1533,1308,1500,1337,1534,1307,4,40,0,0,,K_NPC,14006,Elmorad Vice Captain,11000,100,121110000,171510000,2,5,0,1,1,2,0,55,4571,0,5596,4864,0,396,96,239,405,1500,2,7,2000,0,0,0,95,95,95,95,95,95,95,90,7,14,35,1080,14006,0,0,0,"nation soldier NPC (K_NPC byType 0, loader turns it into NPC_GENERAL) [NPC_MONSTER]",El Morad,1517.0,1322.0
71,14006,101,0,0,0,0,1314,1523,1340,1498,1312,1525,1344,1493,5,40,0,0,,K_NPC,14006,Elmorad Vice Captain,11000,100,121110000,171510000,2,5,0,1,1,2,0,55,4571,0,5596,4864,0,396,96,239,405,1500,2,7,2000,0,0,0,95,95,95,95,95,95,95,90,7,14,35,1080,14006,0,0,0,"nation soldier NPC (K_NPC byType 0, loader turns it into NPC_GENERAL) [NPC_MONSTER]",El Morad,1327.0,1510.5
71,14007,101,0,0,0,0,1444,1343,1474,1318,1442,1346,1477,1316,3,40,0,0,,K_NPC,14007,Elmorad Commanding Officer,11610,100,120310049,171510000,2,5,0,1,1,2,0,60,5054,0,6969,5938,0,432,96,239,522,1500,2,7,3000,0,0,0,106,106,106,106,106,106,106,90,7,14,35,1451,14007,0,0,0,"nation soldier NPC (K_NPC byType 0, loader turns it into NPC_GENERAL) [NPC_MONSTER]",El Morad,1459.0,1330.5
71,14007,101,0,0,0,0,1359,1570,1386,1542,1357,1572,1388,1540,4,40,0,0,,K_NPC,14007,Elmorad Commanding Officer,11610,100,120310049,171510000,2,5,0,1,1,2,0,60,5054,0,6969,5938,0,432,96,239,522,1500,2,7,3000,0,0,0,106,106,106,106,106,106,106,90,7,14,35,1451,14007,0,0,0,"nation soldier NPC (K_NPC byType 0, loader turns it into NPC_GENERAL) [NPC_MONSTER]",El Morad,1372.5,1556.0
71,16061,104,0,0,0,0,635,897,636,895,633,899,638,894,1,60,164,0,,K_NPC,16061,Inn hostess,12000,100,0,0,2,1,31,1,0,1,0,50,100,0,50000,0,0,5000,130,130,1000,1500,2,5,1000,0,0,0,250,250,250,250,250,250,250,90,7,14,25,0,22000,0,0,1,service npc (merchant/healer/etc.) [NPC_WAREHOUSE],El Morad,635.5,896.0
71,16062,104,0,0,0,0,629,926,630,925,627,928,631,923,1,60,105,0,,K_NPC,16062,[sundries]Halber,12100,100,0,0,2,1,22,1,0,1,255000,50,100,0,30000,0,0,5000,130,130,1000,1500,2,5,1000,0,0,0,250,250,250,250,250,250,250,90,7,14,25,0,22103,0,0,1,service npc (merchant/healer/etc.) [NPC_TINKER],El Morad,629.5,925.5
71,24001,102,0,0,0,0,1168,1361,1183,1343,1094,1363,1186,1289,2,40,0,9,"1,17614E+71",K_NPC,24001,Karus Warrior,21000,100,150410000,170410000,1,5,0,1,1,2,0,45,3078,0,3415,3115,0,324,63,155,241,1500,2,7,1000,0,0,0,75,75,75,75,75,75,75,90,7,14,35,746,24001,0,0,0,"nation soldier NPC (K_NPC byType 0, loader turns it into NPC_GENERAL) [NPC_MONSTER]",Karus,1175.5,1352.0
71,24001,102,0,0,0,0,1359,1201,1380,1181,1234,1218,1520,949,2,40,0,21,"1,3671E+167",K_NPC,24001,Karus Warrior,21000,100,150410000,170410000,1,5,0,1,1,2,0,45,3078,0,3415,3115,0,324,63,155,241,1500,2,7,1000,0,0,0,75,75,75,75,75,75,75,90,7,14,35,746,24001,0,0,0,"nation soldier NPC (K_NPC byType 0, loader turns it into NPC_GENERAL) [NPC_MONSTER]",Karus,1369.5,1191.0
71,14426,104,0,0,0,0,609,894,610,893,606,896,612,891,1,3600,14,0,,K_NPC,14426,[Outpost Captain]Della,11610,100,0,0,2,7,101,1,0,1,0,50,0,0,150000,0,0,7500,335,325,3000,1500,2,5,1000,0,0,0,250,250,250,250,250,250,250,90,7,14,25,15000,14426,0,0,1,outpost captain NPC [type101],El Morad,609.5,893.5
71,24426,104,0,0,0,0,1385,1101,1386,1100,1383,1103,1388,1097,1,3600,107,0,,K_NPC,24426,[Outpost Captain]Elrod,21510,100,0,0,1,7,102,1,0,1,0,50,0,0,150000,0,0,7500,335,325,3000,1500,2,5,1000,0,0,0,250,250,250,250,250,250,250,90,7,14,25,15000,24426,0,0,1,outpost captain NPC [type102],Karus,1385.5,1100.5
71,24004,101,0,0,0,0,753,535,778,510,751,538,781,508,5,40,0,0,,K_NPC,24004,Karus Commander,21000,100,120310000,170410000,1,5,0,1,1,2,0,48,3640,0,3996,3587,0,345,72,178,284,1500,2,7,2000,0,0,0,80,80,80,48,80,80,80,90,7,14,35,955,24004,0,0,0,"nation soldier NPC (K_NPC byType 0, loader turns it into NPC_GENERAL) [NPC_MONSTER]",Karus,765.5,522.5
71,24004,102,0,0,0,0,1101,1342,1114,1329,1100,1399,1181,1324,2,40,0,7,"1,10813E+55",K_NPC,24004,Karus Commander,21000,100,120310000,170410000,1,5,0,1,1,2,0,48,3640,0,3996,3587,0,345,72,178,284,1500,2,7,2000,0,0,0,80,80,80,48,80,80,80,90,7,14,35,955,24004,0,0,0,"nation soldier NPC (K_NPC byType 0, loader turns it into NPC_GENERAL) [NPC_MONSTER]",Karus,1107.5,1335.5
71,24004,102,0,0,0,0,1420,981,1451,950,1238,1214,1525,938,2,40,0,20,"1,4291E+159",K_NPC,24004,Karus Commander,21000,100,120310000,170410000,1,5,0,1,1,2,0,48,3640,0,3996,3587,0,345,72,178,284,1500,2,7,2000,0,0,0,80,80,80,48,80,80,80,90,7,14,35,955,24004,0,0,0,"nation soldier NPC (K_NPC byType 0, loader turns it into NPC_GENERAL) [NPC_MONSTER]",Karus,1435.5,965.5
71,24004,102,0,0,0,0,1253,1398,1254,1397,1250,1401,1275,1374,1,150,118,3,"1,25414E+23",K_NPC,24004,Karus Commander,21000,100,120310000,170410000,1,5,0,1,1,2,0,48,3640,0,3996,3587,0,345,72,178,284,1500,2,7,2000,0,0,0,80,80,80,48,80,80,80,90,7,14,35,955,24004,0,0,0,"nation soldier NPC (K_NPC byType 0, loader turns it into NPC_GENERAL) [NPC_MONSTER]",Karus,1253.5,1397.5
71,24004,102,0,0,0,0,1265,1382,1266,1381,1248,1402,1276,1374,1,150,116,3,"1,26614E+23",K_NPC,24004,Karus Commander,21000,100,120310000,170410000,1,5,0,1,1,2,0,48,3640,0,3996,3587,0,345,72,178,284,1500,2,7,2000,0,0,0,80,80,80,48,80,80,80,90,7,14,35,955,24004,0,0,0,"nation soldier NPC (K_NPC byType 0, loader turns it into NPC_GENERAL) [NPC_MONSTER]",Karus,1265.5,1381.5
71,24005,101,0,0,0,0,748,453,777,436,745,454,779,434,3,40,0,0,,K_NPC,24005,Karus Assassin,21510,100,111110000,111110000,1,5,0,1,3,3,0,50,4051,0,4417,3927,0,360,78,194,316,1500,2,7,2000,0,0,0,84,84,84,84,84,84,84,90,7,14,35,1032,24005,0,0,0,"nation soldier NPC (K_NPC byType 0, loader turns it into NPC_GENERAL) [NPC_MONSTER]",Karus,762.5,444.5
71,24006,101,0,0,0,0,709,493,734,468,707,496,737,466,5,40,0,0,,K_NPC,24006,Karus Vice Captain,21000,100,121110000,171510000,1,5,0,1,1,2,0,55,4571,0,5596,4864,0,396,96,239,405,1500,2,7,2000,0,0,0,95,95,95,95,95,95,95,90,7,14,35,1080,24006,0,0,0,"nation soldier NPC (K_NPC byType 0, loader turns it into NPC_GENERAL) [NPC_MONSTER]",Karus,721.5,480.5
71,24007,101,0,0,0,0,667,438,693,419,664,442,695,417,4,40,0,0,,K_NPC,24007,Karus Commanding Officer,21610,100,120310049,171510000,1,5,0,1,1,2,0,60,5054,0,6969,5938,0,432,96,239,522,1500,2,7,3000,0,0,0,106,106,106,106,106,106,106,90,7,14,35,1451,24007,0,0,0,"nation soldier NPC (K_NPC byType 0, loader turns it into NPC_GENERAL) [NPC_MONSTER]",Karus,680.0,428.5
71,26061,104,0,0,0,0,1359,1100,1362,1097,1357,1102,1364,1095,1,60,69,0,,K_NPC,26061,Inn hostess,22000,100,0,0,1,1,31,1,0,1,0,50,100,0,50000,0,0,5000,130,130,1000,1500,2,5,1000,0,0,0,250,250,250,250,250,250,250,90,7,14,25,0,22000,0,0,1,service npc (merchant/healer/etc.) [NPC_WAREHOUSE],Karus,1360.5,1098.5
71,26062,104,0,0,0,0,1388,1075,1389,1073,1385,1078,1392,1071,1,60,155,0,,K_NPC,26062,Ardin[sundries],22100,100,0,0,1,1,22,1,0,1,255000,50,100,0,30000,0,0,5000,130,130,1000,1500,2,5,1000,0,0,0,250,250,250,250,250,250,250,90,7,14,25,0,22103,0,0,1,service npc (merchant/healer/etc.) [NPC_TINKER],Karus,1388.5,1074.0
71,408,1,0,0,0,0,204,1609,264,1580,203,1611,266,1578,4,40,0,0,,K_MONSTER,408,Mastodon,400,150,0,0,0,1,0,4,0,0,0,44,600000000,0,4044,2967,0,633,60,148,380,2500,2,4,5000,0,0,0,63,63,63,44,63,63,63,425,5,7,45,864,408,0,0,0,monster,none/neutral,234.0,1594.5
71,408,1,0,0,0,0,1766,377,1817,348,1765,378,1819,348,4,40,0,0,,K_MONSTER,408,Mastodon,400,150,0,0,0,1,0,4,0,0,0,44,600000000,0,4044,2967,0,633,60,148,380,2500,2,4,5000,0,0,0,63,63,63,44,63,63,63,425,5,7,45,864,408,0,0,0,monster,none/neutral,1791.5,362.5
71,408,1,0,0,0,0,306,1696,354,1655,304,1699,359,1653,4,40,0,0,,K_MONSTER,408,Mastodon,400,150,0,0,0,1,0,4,0,0,0,44,600000000,0,4044,2967,0,633,60,148,380,2500,2,4,5000,0,0,0,63,63,63,44,63,63,63,425,5,7,45,864,408,0,0,0,monster,none/neutral,330.0,1675.5
71,408,1,0,0,0,0,1667,343,1705,304,1666,344,1706,303,4,40,0,0,,K_MONSTER,408,Mastodon,400,150,0,0,0,1,0,4,0,0,0,44,600000000,0,4044,2967,0,633,60,148,380,2500,2,4,5000,0,0,0,63,63,63,44,63,63,63,425,5,7,45,864,408,0,0,0,monster,none/neutral,1686.0,323.5
71,504,1,0,0,0,0,1058,968,1104,921,1053,974,1108,917,4,8000,0,0,,K_MONSTER,504,Dark eyes,500,150,190450000,0,0,5,0,5,0,0,0,31,600000000,0,1193,1440,0,210,30,73,89,1500,4,5,3000,0,0,0,46,46,46,33,46,46,46,175,5,5,60,498,504,0,0,0,monster,none/neutral,1081.0,944.5
71,504,1,0,0,0,0,1055,1072,1105,1036,1053,1077,1107,1032,4,8000,0,0,,K_MONSTER,504,Dark eyes,500,150,190450000,0,0,5,0,5,0,0,0,31,600000000,0,1193,1440,0,210,30,73,89,1500,4,5,3000,0,0,0,46,46,46,33,46,46,46,175,5,5,60,498,504,0,0,0,monster,none/neutral,1080.0,1054.0
71,504,1,0,0,0,0,918,969,965,924,914,973,971,920,4,8000,0,0,,K_MONSTER,504,Dark eyes,500,150,190450000,0,0,5,0,5,0,0,0,31,600000000,0,1193,1440,0,210,30,73,89,1500,4,5,3000,0,0,0,46,46,46,33,46,46,46,175,5,5,60,498,504,0,0,0,monster,none/neutral,941.5,946.5
71,506,1,0,0,7,2,996,941,1034,855,992,945,1038,851,1,16000,0,0,,K_MONSTER,506,Lobo,506,180,190250000,0,0,5,0,5,0,0,0,45,600000000,0,17790,3115,0,972,63,155,483,1000,5,7,5000,0,0,0,500,500,500,500,500,500,500,175,5,5,60,895,506,0,0,0,monster,none/neutral,1015.0,898.0
71,506,1,0,0,7,3,1057,1011,1135,971,1053,1014,1139,968,1,16000,0,0,,K_MONSTER,506,Lobo,506,180,190250000,0,0,5,0,5,0,0,0,45,600000000,0,17790,3115,0,972,63,155,483,1000,5,7,5000,0,0,0,500,500,500,500,500,500,500,175,5,5,60,895,506,0,0,0,monster,none/neutral,1096.0,991.0
71,506,1,0,0,7,4,896,1015,972,966,891,1019,976,964,1,16000,0,0,,K_MONSTER,506,Lobo,506,180,190250000,0,0,5,0,5,0,0,0,45,600000000,0,17790,3115,0,972,63,155,483,1000,5,7,5000,0,0,0,500,500,500,500,500,500,500,175,5,5,60,895,506,0,0,0,monster,none/neutral,934.0,990.5
71,506,1,0,0,7,1,1001,1142,1033,1041,997,1148,1038,1036,1,16000,0,0,,K_MONSTER,506,Lobo,506,180,190250000,0,0,5,0,5,0,0,0,45,600000000,0,17790,3115,0,972,63,155,483,1000,5,7,5000,0,0,0,500,500,500,500,500,500,500,175,5,5,60,895,506,0,0,0,monster,none/neutral,1017.0,1091.5
71,507,1,0,0,7,3,1058,1034,1126,950,1054,1038,1132,947,1,16000,0,0,,K_MONSTER,507,Lupus,506,180,140450000,0,0,5,0,5,0,0,0,50,600000000,0,23010,3927,0,1080,78,194,650,1000,5,7,7000,0,0,0,500,500,500,500,500,500,500,175,5,5,60,983,507,0,0,0,monster,none/neutral,1092.0,992.0
71,507,1,0,0,7,4,903,1032,971,941,900,1035,976,937,1,16000,0,0,,K_MONSTER,507,Lupus,506,180,140450000,0,0,5,0,5,0,0,0,50,600000000,0,23010,3927,0,1080,78,194,650,1000,5,7,7000,0,0,0,500,500,500,500,500,500,500,175,5,5,60,983,507,0,0,0,monster,none/neutral,937.0,986.5
71,507,1,0,0,7,2,946,927,1083,889,940,934,1086,885,1,16000,0,0,,K_MONSTER,507,Lupus,506,180,140450000,0,0,5,0,5,0,0,0,50,600000000,0,23010,3927,0,1080,78,194,650,1000,5,7,7000,0,0,0,500,500,500,500,500,500,500,175,5,5,60,983,507,0,0,0,monster,none/neutral,1014.5,908.0
71,507,1,0,0,7,1,944,1106,1087,1066,941,1109,1092,1062,1,16000,0,0,,K_MONSTER,507,Lupus,506,180,140450000,0,0,5,0,5,0,0,0,50,600000000,0,23010,3927,0,1080,78,194,650,1000,5,7,7000,0,0,0,500,500,500,500,500,500,500,175,5,5,60,983,507,0,0,0,monster,none/neutral,1015.5,1086.0
71,508,1,0,0,7,2,924,1077,1001,1035,922,1079,1005,1032,1,16000,0,0,,K_MONSTER,508,Lycaon,506,180,140650000,0,0,5,0,5,0,0,0,55,600000000,0,29155,4864,0,1188,96,239,832,1000,5,7,10000,0,0,0,500,500,500,500,500,500,500,200,5,5,60,1147,508,0,0,0,monster,none/neutral,962.5,1056.0
71,508,1,0,0,7,3,1028,948,1097,908,1025,951,1101,906,1,16000,0,0,,K_MONSTER,508,Lycaon,506,180,140650000,0,0,5,0,5,0,0,0,55,600000000,0,29155,4864,0,1188,96,239,832,1000,5,7,10000,0,0,0,500,500,500,500,500,500,500,200,5,5,60,1147,508,0,0,0,monster,none/neutral,1062.5,928.0
71,508,1,0,0,7,5,1089,1018,1129,964,1086,1021,1134,960,1,16000,0,0,,K_MONSTER,508,Lycaon,506,180,140650000,0,0,5,0,5,0,0,0,55,600000000,0,29155,4864,0,1188,96,239,832,1000,5,7,10000,0,0,0,500,500,500,500,500,500,500,200,5,5,60,1147,508,0,0,0,monster,none/neutral,1109.0,991.0
71,508,1,0,0,7,6,908,1019,950,957,905,1024,957,953,1,16000,0,0,,K_MONSTER,508,Lycaon,506,180,140650000,0,0,5,0,5,0,0,0,55,600000000,0,29155,4864,0,1188,96,239,832,1000,5,7,10000,0,0,0,500,500,500,500,500,500,500,200,5,5,60,1147,508,0,0,0,monster,none/neutral,929.0,988.0
71,508,1,0,0,7,4,918,948,1000,905,914,952,1004,901,1,16000,0,0,,K_MONSTER,508,Lycaon,506,180,140650000,0,0,5,0,5,0,0,0,55,600000000,0,29155,4864,0,1188,96,239,832,1000,5,7,10000,0,0,0,500,500,500,500,500,500,500,200,5,5,60,1147,508,0,0,0,monster,none/neutral,959.0,926.5
71,508,1,0,0,7,1,1031,1077,1108,1033,1028,1080,1115,1029,1,16000,0,0,,K_MONSTER,508,Lycaon,506,180,140650000,0,0,5,0,5,0,0,0,55,600000000,0,29155,4864,0,1188,96,239,832,1000,5,7,10000,0,0,0,500,500,500,500,500,500,500,200,5,5,60,1147,508,0,0,0,monster,none/neutral,1069.5,1055.0
71,607,1,0,0,7,2,968,941,1064,887,964,944,1070,885,1,16000,0,0,,K_MONSTER,607,Barrkk,600,140,0,0,0,6,0,6,0,0,0,55,600000000,0,29155,4864,0,792,96,239,998,1200,5,8,5000,0,0,0,500,500,500,500,500,500,500,165,5,10,60,1147,607,0,0,0,monster,none/neutral,1016.0,914.0
71,607,1,0,0,7,3,1071,1054,1106,932,1065,1058,1110,925,1,16000,0,0,,K_MONSTER,607,Barrkk,600,140,0,0,0,6,0,6,0,0,0,55,600000000,0,29155,4864,0,792,96,239,998,1200,5,8,5000,0,0,0,500,500,500,500,500,500,500,165,5,10,60,1147,607,0,0,0,monster,none/neutral,1088.5,993.0
71,607,1,0,0,7,4,923,1046,957,917,918,1048,962,913,1,16000,0,0,,K_MONSTER,607,Barrkk,600,140,0,0,0,6,0,6,0,0,0,55,600000000,0,29155,4864,0,792,96,239,998,1200,5,8,5000,0,0,0,500,500,500,500,500,500,500,165,5,10,60,1147,607,0,0,0,monster,none/neutral,940.0,981.5
71,607,1,0,0,7,1,973,1094,1064,1045,969,1098,1071,1039,1,16000,0,0,,K_MONSTER,607,Barrkk,600,140,0,0,0,6,0,6,0,0,0,55,600000000,0,29155,4864,0,792,96,239,998,1200,5,8,5000,0,0,0,500,500,500,500,500,500,500,165,5,10,60,1147,607,0,0,0,monster,none/neutral,1018.5,1069.5
71,608,1,0,0,7,2,967,914,1065,872,964,920,1069,870,1,16000,0,0,,K_MONSTER,608,Barkirra,600,130,0,0,0,6,0,6,0,0,0,60,600000000,0,36300,5938,0,864,117,290,1254,1200,5,8,5000,0,0,0,500,500,500,500,500,500,500,165,5,10,60,1320,608,0,0,0,monster,none/neutral,1016.0,893.0
71,608,1,0,0,7,3,1085,1054,1114,930,1082,1059,1119,924,1,16000,0,0,,K_MONSTER,608,Barkirra,600,130,0,0,0,6,0,6,0,0,0,60,600000000,0,36300,5938,0,864,117,290,1254,1200,5,8,5000,0,0,0,500,500,500,500,500,500,500,165,5,10,60,1320,608,0,0,0,monster,none/neutral,1099.5,992.0
71,608,1,0,0,7,4,919,1052,947,914,914,1056,954,910,1,16000,0,0,,K_MONSTER,608,Barkirra,600,130,0,0,0,6,0,6,0,0,0,60,600000000,0,36300,5938,0,864,117,290,1254,1200,5,8,5000,0,0,0,500,500,500,500,500,500,500,165,5,10,60,1320,608,0,0,0,monster,none/neutral,933.0,983.0
71,608,1,0,0,7,1,975,1122,1069,1080,972,1126,1074,1071,1,16000,0,0,,K_MONSTER,608,Barkirra,600,130,0,0,0,6,0,6,0,0,0,60,600000000,0,36300,5938,0,864,117,290,1254,1200,5,8,5000,0,0,0,500,500,500,500,500,500,500,165,5,10,60,1320,608,0,0,0,monster,none/neutral,1022.0,1101.0
71,613,1,0,0,0,0,1099,1017,1125,975,1094,1021,1131,971,1,3600,0,0,,K_MONSTER,613,Blood Don,610,90,0,0,0,1,0,6,0,0,0,52,600000000,0,15211,4286,0,299,85,211,380,1200,5,7,5000,0,0,0,86,86,86,51,73,73,73,165,5,10,45,873,613,0,0,0,monster,none/neutral,1112.0,996.0
71,613,1,0,0,0,0,912,1020,949,960,908,1024,954,956,1,3600,0,0,,K_MONSTER,613,Blood Don,610,90,0,0,0,1,0,6,0,0,0,52,600000000,0,15211,4286,0,299,85,211,380,1200,5,7,5000,0,0,0,86,86,86,51,73,73,73,165,5,10,45,873,613,0,0,0,monster,none/neutral,930.5,990.0
71,613,1,0,0,0,0,962,1089,1008,1043,956,1094,1012,1039,1,3600,0,0,,K_MONSTER,613,Blood Don,610,90,0,0,0,1,0,6,0,0,0,52,600000000,0,15211,4286,0,299,85,211,380,1200,5,7,5000,0,0,0,86,86,86,51,73,73,73,165,5,10,45,873,613,0,0,0,monster,none/neutral,985.0,1066.0
71,613,1,0,0,0,0,1022,1089,1071,1041,1015,1095,1078,1036,1,3600,0,0,,K_MONSTER,613,Blood Don,610,90,0,0,0,1,0,6,0,0,0,52,600000000,0,15211,4286,0,299,85,211,380,1200,5,7,5000,0,0,0,86,86,86,51,73,73,73,165,5,10,45,873,613,0,0,0,monster,none/neutral,1046.5,1065.0
71,613,1,0,0,0,0,1021,939,1061,899,1017,943,1068,895,1,3600,0,0,,K_MONSTER,613,Blood Don,610,90,0,0,0,1,0,6,0,0,0,52,600000000,0,15211,4286,0,299,85,211,380,1200,5,7,5000,0,0,0,86,86,86,51,73,73,73,165,5,10,45,873,613,0,0,0,monster,none/neutral,1041.0,919.0
71,613,1,0,0,0,0,973,939,1007,900,967,944,1013,896,1,3600,0,0,,K_MONSTER,613,Blood Don,610,90,0,0,0,1,0,6,0,0,0,52,600000000,0,15211,4286,0,299,85,211,380,1200,5,7,5000,0,0,0,86,86,86,51,73,73,73,165,5,10,45,873,613,0,0,0,monster,none/neutral,990.0,919.5
71,908,1,0,0,7,3,923,952,988,892,918,956,993,889,1,16000,0,0,,K_MONSTER,908,Lesath,907,500,0,0,0,5,0,9,0,0,0,75,600000000,0,64485,10060,0,1080,194,483,1263,1000,2,9,10000,300101,0,0,500,500,500,500,500,500,500,100,5,10,60,1582,908,0,2,0,monster,none/neutral,955.5,922.0
71,908,1,0,0,7,2,933,1078,983,1026,927,1082,987,1021,1,16000,0,0,,K_MONSTER,908,Lesath,907,500,0,0,0,5,0,9,0,0,0,75,600000000,0,64485,10060,0,1080,194,483,1263,1000,2,9,10000,300101,0,0,500,500,500,500,500,500,500,100,5,10,60,1582,908,0,2,0,monster,none/neutral,958.0,1052.0
71,908,1,0,0,7,4,1044,954,1097,897,1041,959,1101,893,1,16000,0,0,,K_MONSTER,908,Lesath,907,500,0,0,0,5,0,9,0,0,0,75,600000000,0,64485,10060,0,1080,194,483,1263,1000,2,9,10000,300101,0,0,500,500,500,500,500,500,500,100,5,10,60,1582,908,0,2,0,monster,none/neutral,1070.5,925.5
71,908,1,0,0,7,1,1044,1081,1102,1029,1039,1085,1107,1025,1,16000,0,0,,K_MONSTER,908,Lesath,907,500,0,0,0,5,0,9,0,0,0,75,600000000,0,64485,10060,0,1080,194,483,1263,1000,2,9,10000,300101,0,0,500,500,500,500,500,500,500,100,5,10,60,1582,908,0,2,0,monster,none/neutral,1073.0,1055.0
71,914,1,0,0,7,4,906,1049,974,924,904,1051,977,922,1,16000,0,0,,K_MONSTER,914,Shaula,907,500,0,0,0,5,0,9,0,0,0,75,600000000,0,64485,10060,0,1080,194,483,1263,1000,2,9,10000,300101,0,0,500,500,500,500,500,500,500,100,5,10,60,1582,914,0,2,0,monster,none/neutral,940.0,986.5
71,914,1,0,0,7,1,952,1094,1087,1038,944,1103,1097,1034,1,16000,0,0,,K_MONSTER,914,Shaula,907,500,0,0,0,5,0,9,0,0,0,75,600000000,0,64485,10060,0,1080,194,483,1263,1000,2,9,10000,300101,0,0,500,500,500,500,500,500,500,100,5,10,60,1582,914,0,2,0,monster,none/neutral,1019.5,1066.0
71,914,1,0,0,7,2,948,946,1073,879,942,947,1080,873,1,16000,0,0,,K_MONSTER,914,Shaula,907,500,0,0,0,5,0,9,0,0,0,75,600000000,0,64485,10060,0,1080,194,483,1263,1000,2,9,10000,300101,0,0,500,500,500,500,500,500,500,100,5,10,60,1582,914,0,2,0,monster,none/neutral,1010.5,912.5
71,914,1,0,0,7,3,1060,1057,1112,930,1055,1060,1117,928,1,16000,0,0,,K_MONSTER,914,Shaula,907,500,0,0,0,5,0,9,0,0,0,75,600000000,0,64485,10060,0,1080,194,483,1263,1000,2,9,10000,300101,0,0,500,500,500,500,500,500,500,100,5,10,60,1582,914,0,2,0,monster,none/neutral,1086.0,993.5
71,1004,1,0,0,0,0,1038,957,1090,905,1036,959,1093,901,5,8000,0,0,,K_MONSTER,1004,undying,1000,100,0,0,0,5,0,10,0,0,0,33,600000000,0,1202,1631,0,336,34,82,104,1500,2,4,5000,0,0,0,49,91,91,63,91,91,49,100,5,7,45,548,1004,0,0,0,monster,none/neutral,1064.0,931.0
71,1004,1,0,0,0,0,925,957,986,900,922,961,990,895,5,8000,0,0,,K_MONSTER,1004,undying,1000,100,0,0,0,5,0,10,0,0,0,33,600000000,0,1202,1631,0,336,34,82,104,1500,2,4,5000,0,0,0,49,91,91,63,91,91,49,100,5,7,45,548,1004,0,0,0,monster,none/neutral,955.5,928.5
71,1004,1,0,0,0,0,933,1069,988,1025,929,1074,992,1021,5,8000,0,0,,K_MONSTER,1004,undying,1000,100,0,0,0,5,0,10,0,0,0,33,600000000,0,1202,1631,0,336,34,82,104,1500,2,4,5000,0,0,0,49,91,91,63,91,91,49,100,5,7,45,548,1004,0,0,0,monster,none/neutral,960.5,1047.0
71,1004,1,0,0,0,0,996,999,1035,986,993,1000,1039,983,10,8000,0,0,,K_MONSTER,1004,undying,1000,100,0,0,0,5,0,10,0,0,0,33,600000000,0,1202,1631,0,336,34,82,104,1500,2,4,5000,0,0,0,49,91,91,63,91,91,49,100,5,7,45,548,1004,0,0,0,monster,none/neutral,1015.5,992.5
71,1004,1,0,0,0,0,1042,1082,1090,1028,1038,1084,1097,1024,5,8000,0,0,,K_MONSTER,1004,undying,1000,100,0,0,0,5,0,10,0,0,0,33,600000000,0,1202,1631,0,336,34,82,104,1500,2,4,5000,0,0,0,49,91,91,63,91,91,49,100,5,7,45,548,1004,0,0,0,monster,none/neutral,1066.0,1055.0
71,1104,1,0,0,0,0,959,1085,1067,1044,955,1088,1073,1041,10,8000,0,0,,K_MONSTER,1104,Death knight,1100,150,121510000,0,0,5,0,11,0,0,0,45,600000000,0,2846,3115,0,324,63,155,241,1500,2,6,5000,0,0,0,63,121,121,84,121,121,63,100,5,7,60,746,1104,0,0,0,monster,none/neutral,1013.0,1064.5
71,1104,1,0,0,0,0,961,938,1061,898,956,940,1065,895,10,8000,0,0,,K_MONSTER,1104,Death knight,1100,150,121510000,0,0,5,0,11,0,0,0,45,600000000,0,2846,3115,0,324,63,155,241,1500,2,6,5000,0,0,0,63,121,121,84,121,121,63,100,5,7,60,746,1104,0,0,0,monster,none/neutral,1011.0,918.0
71,1106,1,0,0,7,2,1097,975,1128,941,1094,979,1130,938,1,16000,0,0,,K_MONSTER,1106,bone collecter,1100,100,121510000,0,0,5,0,11,0,0,0,60,600000000,0,36300,5938,0,864,117,290,1567,1500,2,7,5000,0,0,0,500,500,500,500,500,500,500,130,5,7,60,1100,1106,0,0,0,monster,none/neutral,1112.5,958.0
71,1106,1,0,0,7,3,909,971,948,923,905,974,955,919,1,16000,0,0,,K_MONSTER,1106,bone collecter,1100,100,121510000,0,0,5,0,11,0,0,0,60,600000000,0,36300,5938,0,864,117,290,1567,1500,2,7,5000,0,0,0,500,500,500,500,500,500,500,130,5,7,60,1100,1106,0,0,0,monster,none/neutral,928.5,947.0
71,1106,1,0,0,7,4,912,1053,955,1013,908,1055,960,1009,1,16000,0,0,,K_MONSTER,1106,bone collecter,1100,100,121510000,0,0,5,0,11,0,0,0,60,600000000,0,36300,5938,0,864,117,290,1567,1500,2,7,5000,0,0,0,500,500,500,500,500,500,500,130,5,7,60,1100,1106,0,0,0,monster,none/neutral,933.5,1033.0
71,1106,1,0,0,7,1,1100,1054,1129,1012,1097,1058,1133,1010,1,16000,0,0,,K_MONSTER,1106,bone collecter,1100,100,121510000,0,0,5,0,11,0,0,0,60,600000000,0,36300,5938,0,864,117,290,1567,1500,2,7,5000,0,0,0,500,500,500,500,500,500,500,130,5,7,60,1100,1106,0,0,0,monster,none/neutral,1114.5,1033.0
71,1203,1,0,0,0,0,1059,1064,1096,930,1054,1069,1100,925,5,8000,0,0,,K_MONSTER,1203,Baron,1200,120,0,0,0,6,0,12,0,0,0,52,600000000,0,4056,4286,0,374,85,211,359,1500,2,8,5000,300109,0,0,86,73,73,51,73,73,73,100,25,15,60,873,1203,1,2,0,monster,none/neutral,1077.5,997.0
71,1203,1,0,0,0,0,930,1060,971,930,926,1066,975,924,5,8000,0,0,,K_MONSTER,1203,Baron,1200,120,0,0,0,6,0,12,0,0,0,52,600000000,0,4056,4286,0,374,85,211,359,1500,2,8,5000,300109,0,0,86,73,73,51,73,73,73,100,25,15,60,873,1203,1,2,0,monster,none/neutral,950.5,995.0
71,1204,1,0,0,0,0,1026,1011,1040,972,1025,1012,1041,971,5,8000,0,0,,K_MONSTER,1204,Cardinal,1200,130,0,0,0,6,0,12,0,0,0,54,600000000,0,4455,4666,0,388,93,229,396,1500,2,8,5000,300110,0,0,88,75,75,52,75,75,75,100,25,15,60,929,1204,1,2,0,monster,none/neutral,1033.0,991.5
71,1204,1,0,0,0,0,990,1009,1002,972,989,1010,1003,970,5,8000,0,0,,K_MONSTER,1204,Cardinal,1200,130,0,0,0,6,0,12,0,0,0,54,600000000,0,4455,4666,0,388,93,229,396,1500,2,8,5000,300110,0,0,88,75,75,52,75,75,75,100,25,15,60,929,1204,1,2,0,monster,none/neutral,996.0,990.5
71,1205,1,0,0,7,3,971,931,1067,869,966,937,1071,866,1,16000,0,0,,K_MONSTER,1205,Duke,1200,100,0,0,0,6,0,12,0,0,0,55,600000000,0,29155,4864,0,594,96,239,832,1000,2,8,5000,300111,0,0,500,500,500,500,500,500,500,150,25,15,60,956,1205,1,2,0,monster,none/neutral,1019.0,900.0
71,1205,1,0,0,7,4,1066,1069,1107,914,1055,1074,1109,907,1,16000,0,0,,K_MONSTER,1205,Duke,1200,100,0,0,0,6,0,12,0,0,0,55,600000000,0,29155,4864,0,594,96,239,832,1000,2,8,5000,300111,0,0,500,500,500,500,500,500,500,150,25,15,60,956,1205,1,2,0,monster,none/neutral,1086.5,991.5
71,1205,1,0,0,7,5,927,1067,966,905,916,1073,970,900,1,16000,0,0,,K_MONSTER,1205,Duke,1200,100,0,0,0,6,0,12,0,0,0,55,600000000,0,29155,4864,0,594,96,239,832,1000,2,8,5000,300111,0,0,500,500,500,500,500,500,500,150,25,15,60,956,1205,1,2,0,monster,none/neutral,946.5,986.0
71,1205,1,0,0,7,1,996,1004,1038,980,992,1008,1042,979,1,16000,0,0,,K_MONSTER,1205,Duke,1200,100,0,0,0,6,0,12,0,0,0,55,600000000,0,29155,4864,0,594,96,239,832,1000,2,8,5000,300111,0,0,500,500,500,500,500,500,500,150,25,15,60,956,1205,1,2,0,monster,none/neutral,1017.0,992.0
71,1205,1,0,0,7,2,969,1117,1064,1046,963,1125,1071,1041,1,16000,0,0,,K_MONSTER,1205,Duke,1200,100,0,0,0,6,0,12,0,0,0,55,600000000,0,29155,4864,0,594,96,239,832,1000,2,8,5000,300111,0,0,500,500,500,500,500,500,500,150,25,15,60,956,1205,1,2,0,monster,none/neutral,1016.5,1081.5
71,1206,1,0,0,7,1,986,910,1049,878,984,914,1053,874,1,16000,0,0,,K_MONSTER,1206,Bishop,1200,100,0,0,0,6,0,12,0,0,0,60,600000000,0,36300,5938,0,648,117,290,1045,1000,2,8,5000,300112,0,0,500,500,500,500,500,500,500,175,25,15,60,1100,1206,1,2,0,monster,none/neutral,1017.5,894.0
71,1206,1,0,0,7,2,983,1132,1054,1071,980,1135,1059,1065,1,16000,0,0,,K_MONSTER,1206,Bishop,1200,100,0,0,0,6,0,12,0,0,0,60,600000000,0,36300,5938,0,648,117,290,1045,1000,2,8,5000,300112,0,0,500,500,500,500,500,500,500,175,25,15,60,1100,1206,1,2,0,monster,none/neutral,1018.5,1101.5
71,1206,1,0,0,7,3,1058,1002,1136,980,1054,1004,1139,977,1,16000,0,0,,K_MONSTER,1206,Bishop,1200,100,0,0,0,6,0,12,0,0,0,60,600000000,0,36300,5938,0,648,117,290,1045,1000,2,8,5000,300112,0,0,500,500,500,500,500,500,500,175,25,15,60,1100,1206,1,2,0,monster,none/neutral,1097.0,991.0
71,1206,1,0,0,7,4,894,1003,973,977,892,1005,977,975,1,16000,0,0,,K_MONSTER,1206,Bishop,1200,100,0,0,0,6,0,12,0,0,0,60,600000000,0,36300,5938,0,648,117,290,1045,1000,2,8,5000,300112,0,0,500,500,500,500,500,500,500,175,25,15,60,1100,1206,1,2,0,monster,none/neutral,933.5,990.0
71,1206,1,0,0,7,5,993,1000,1037,985,992,1002,1040,983,1,16000,0,0,,K_MONSTER,1206,Bishop,1200,100,0,0,0,6,0,12,0,0,0,60,600000000,0,36300,5938,0,648,117,290,1045,1000,2,8,5000,300112,0,0,500,500,500,500,500,500,500,175,25,15,60,1100,1206,1,2,0,monster,none/neutral,1015.0,992.5
71,1207,1,0,0,7,2,991,1009,1002,973,989,1010,1004,971,1,16000,0,0,,K_MONSTER,1207,Bach,1200,100,0,0,0,6,0,12,0,0,0,65,600000000,0,44520,7155,0,702,140,347,1291,1000,2,8,5000,300113,0,0,500,500,500,500,500,500,500,200,25,15,60,1252,1207,1,2,0,monster,none/neutral,996.5,991.0
71,1207,1,0,0,7,3,1009,942,1092,903,1006,946,1100,900,1,16000,0,0,,K_MONSTER,1207,Bach,1200,100,0,0,0,6,0,12,0,0,0,65,600000000,0,44520,7155,0,702,140,347,1291,1000,2,8,5000,300113,0,0,500,500,500,500,500,500,500,200,25,15,60,1252,1207,1,2,0,monster,none/neutral,1050.5,922.5
71,1207,1,0,0,7,4,1059,1076,1103,1004,1056,1080,1108,1001,1,16000,0,0,,K_MONSTER,1207,Bach,1200,100,0,0,0,6,0,12,0,0,0,65,600000000,0,44520,7155,0,702,140,347,1291,1000,2,8,5000,300113,0,0,500,500,500,500,500,500,500,200,25,15,60,1252,1207,1,2,0,monster,none/neutral,1081.0,1040.0
71,1207,1,0,0,7,5,935,1082,1009,1039,933,1084,1013,1036,1,16000,0,0,,K_MONSTER,1207,Bach,1200,100,0,0,0,6,0,12,0,0,0,65,600000000,0,44520,7155,0,702,140,347,1291,1000,2,8,5000,300113,0,0,500,500,500,500,500,500,500,200,25,15,60,1252,1207,1,2,0,monster,none/neutral,972.0,1060.5
71,1207,1,0,0,7,6,928,978,970,907,924,982,974,903,1,16000,0,0,,K_MONSTER,1207,Bach,1200,100,0,0,0,6,0,12,0,0,0,65,600000000,0,44520,7155,0,702,140,347,1291,1000,2,8,5000,300113,0,0,500,500,500,500,500,500,500,200,25,15,60,1252,1207,1,2,0,monster,none/neutral,949.0,942.5
71,1207,1,0,0,7,1,1028,1009,1040,974,1026,1010,1042,971,1,16000,0,0,,K_MONSTER,1207,Bach,1200,100,0,0,0,6,0,12,0,0,0,65,600000000,0,44520,7155,0,702,140,347,1291,1000,2,8,5000,300113,0,0,500,500,500,500,500,500,500,200,25,15,60,1252,1207,1,2,0,monster,none/neutral,1034.0,991.5
71,1211,1,0,0,0,0,124,907,154,882,122,910,157,880,5,40,0,0,,K_MONSTER,1211,Cardinal,1200,130,0,0,0,1,0,12,0,0,0,55,600000000,0,4664,4864,0,396,96,239,416,1500,2,8,5000,300110,0,0,91,76,76,54,76,76,76,100,30,15,45,956,1211,0,0,0,monster,none/neutral,139.0,894.5
71,1211,1,0,0,0,0,173,858,203,833,171,861,206,831,5,40,0,0,,K_MONSTER,1211,Cardinal,1200,130,0,0,0,1,0,12,0,0,0,55,600000000,0,4664,4864,0,396,96,239,416,1500,2,8,5000,300110,0,0,91,76,76,54,76,76,76,100,30,15,45,956,1211,0,0,0,monster,none/neutral,188.0,845.5
71,1211,1,0,0,0,0,1871,1154,1901,1129,1868,1156,1903,1126,5,40,0,0,,K_MONSTER,1211,Cardinal,1200,130,0,0,0,1,0,12,0,0,0,55,600000000,0,4664,4864,0,396,96,239,416,1500,2,8,5000,300110,0,0,91,76,76,54,76,76,76,100,30,15,45,956,1211,0,0,0,monster,none/neutral,1886.0,1141.5
71,1211,1,0,0,0,0,1900,1107,1930,1082,1897,1109,1932,1079,5,40,0,0,,K_MONSTER,1211,Cardinal,1200,130,0,0,0,1,0,12,0,0,0,55,600000000,0,4664,4864,0,396,96,239,416,1500,2,8,5000,300110,0,0,91,76,76,54,76,76,76,100,30,15,45,956,1211,0,0,0,monster,none/neutral,1915.0,1094.5
71,1311,1,0,0,0,0,1047,955,1089,912,1044,959,1095,906,1,3600,0,0,,K_MONSTER,1311,Riote,1310,70,131510000,0,0,1,0,13,0,0,0,70,600000000,25,43112,8527,0,756,165,411,1000,2500,2,8,5000,0,0,0,84,84,84,58,84,84,84,200,5,10,45,95097,1311,0,0,0,monster,none/neutral,1068.0,933.5
71,1311,1,0,0,0,0,935,955,986,910,931,960,989,903,1,3600,0,0,,K_MONSTER,1311,Riote,1310,70,131510000,0,0,1,0,13,0,0,0,70,600000000,25,43112,8527,0,756,165,411,1000,2500,2,8,5000,0,0,0,84,84,84,58,84,84,84,200,5,10,45,95097,1311,0,0,0,monster,none/neutral,960.5,932.5
71,1311,1,0,0,0,0,936,1068,987,1025,931,1073,989,1022,1,3600,0,0,,K_MONSTER,1311,Riote,1310,70,131510000,0,0,1,0,13,0,0,0,70,600000000,25,43112,8527,0,756,165,411,1000,2500,2,8,5000,0,0,0,84,84,84,58,84,84,84,200,5,10,45,95097,1311,0,0,0,monster,none/neutral,961.5,1046.5
71,1311,1,0,0,0,0,1047,1071,1095,1026,1042,1074,1101,1023,1,3600,0,0,,K_MONSTER,1311,Riote,1310,70,131510000,0,0,1,0,13,0,0,0,70,600000000,25,43112,8527,0,756,165,411,1000,2500,2,8,5000,0,0,0,84,84,84,58,84,84,84,200,5,10,45,95097,1311,0,0,0,monster,none/neutral,1071.0,1048.5
71,1311,1,0,0,0,0,982,1111,1052,1053,979,1114,1056,1048,1,3600,0,0,,K_MONSTER,1311,Riote,1310,70,131510000,0,0,1,0,13,0,0,0,70,600000000,25,43112,8527,0,756,165,411,1000,2500,2,8,5000,0,0,0,84,84,84,58,84,84,84,200,5,10,45,95097,1311,0,0,0,monster,none/neutral,1017.0,1082.0
71,1311,1,0,0,0,0,980,927,1055,881,978,930,1059,878,1,3600,0,0,,K_MONSTER,1311,Riote,1310,70,131510000,0,0,1,0,13,0,0,0,70,600000000,25,43112,8527,0,756,165,411,1000,2500,2,8,5000,0,0,0,84,84,84,58,84,84,84,200,5,10,45,95097,1311,0,0,0,monster,none/neutral,1017.5,904.0
71,1311,1,0,0,0,0,1067,1014,1128,964,1060,1023,1131,959,1,3600,0,0,,K_MONSTER,1311,Riote,1310,70,131510000,0,0,1,0,13,0,0,0,70,600000000,25,43112,8527,0,756,165,411,1000,2500,2,8,5000,0,0,0,84,84,84,58,84,84,84,200,5,10,45,95097,1311,0,0,0,monster,none/neutral,1097.5,989.0
71,1311,1,0,0,0,0,909,1015,969,966,902,1021,977,962,1,3600,0,0,,K_MONSTER,1311,Riote,1310,70,131510000,0,0,1,0,13,0,0,0,70,600000000,25,43112,8527,0,756,165,411,1000,2500,2,8,5000,0,0,0,84,84,84,58,84,84,84,200,5,10,45,95097,1311,0,0,0,monster,none/neutral,939.0,990.5
71,1315,1,0,0,7,1,1008,997,1021,986,1005,1000,1024,983,1,16000,0,0,,K_MONSTER,1315,Samma,1300,500,130450180,0,0,5,0,13,0,0,0,90,600000000,0,104370,15727,0,1296,299,745,4149,2000,2,8,5000,0,0,0,500,500,500,500,500,500,500,300,5,10,60,2289,1315,0,0,0,monster,none/neutral,1014.5,991.5
71,1315,1,0,0,7,3,968,1099,1072,1040,963,1105,1078,1036,1,16000,0,0,,K_MONSTER,1315,Samma,1300,500,130450180,0,0,5,0,13,0,0,0,90,600000000,0,104370,15727,0,1296,299,745,4149,2000,2,8,5000,0,0,0,500,500,500,500,500,500,500,300,5,10,60,2289,1315,0,0,0,monster,none/neutral,1020.0,1069.5
71,1315,1,0,0,7,4,1063,1073,1111,921,1058,1076,1115,914,1,16000,0,0,,K_MONSTER,1315,Samma,1300,500,130450180,0,0,5,0,13,0,0,0,90,600000000,0,104370,15727,0,1296,299,745,4149,2000,2,8,5000,0,0,0,500,500,500,500,500,500,500,300,5,10,60,2289,1315,0,0,0,monster,none/neutral,1087.0,997.0
71,1315,1,0,0,7,5,919,1070,970,916,916,1073,974,911,1,16000,0,0,,K_MONSTER,1315,Samma,1300,500,130450180,0,0,5,0,13,0,0,0,90,600000000,0,104370,15727,0,1296,299,745,4149,2000,2,8,5000,0,0,0,500,500,500,500,500,500,500,300,5,10,60,2289,1315,0,0,0,monster,none/neutral,944.5,993.0
71,1315,1,0,0,7,2,967,941,1060,884,964,945,1066,876,1,16000,0,0,,K_MONSTER,1315,Samma,1300,500,130450180,0,0,5,0,13,0,0,0,90,600000000,0,104370,15727,0,1296,299,745,4149,2000,2,8,5000,0,0,0,500,500,500,500,500,500,500,300,5,10,60,2289,1315,0,0,0,monster,none/neutral,1013.5,912.5
71,1402,1,0,0,0,0,994,904,1032,873,991,909,1038,870,1,3600,0,0,,K_MONSTER,1402,Atross,1410,50,0,0,0,1,3,14,0,0,0,85,600000000,50,89650,13651,0,1224,261,649,1774,2000,2,9,5000,300104,300105,0,500,500,500,500,500,500,500,200,30,10,45,279618,1402,2,5,0,monster (boss),none/neutral,1013.0,888.5
71,1402,1,0,0,0,0,994,1121,1037,1076,990,1126,1040,1073,1,3600,0,0,,K_MONSTER,1402,Atross,1410,50,0,0,0,1,3,14,0,0,0,85,600000000,50,89650,13651,0,1224,261,649,1774,2000,2,9,5000,300104,300105,0,500,500,500,500,500,500,500,200,30,10,45,279618,1402,2,5,0,monster (boss),none/neutral,1015.5,1098.5
71,1402,1,0,0,0,0,956,942,1078,910,953,946,1083,905,1,3600,0,0,,K_MONSTER,1402,Atross,1410,50,0,0,0,1,3,14,0,0,0,85,600000000,50,89650,13651,0,1224,261,649,1774,2000,2,9,5000,300104,300105,0,500,500,500,500,500,500,500,200,30,10,45,279618,1402,2,5,0,monster (boss),none/neutral,1017.0,926.0
71,1402,1,0,0,0,0,952,1071,1077,1038,948,1076,1081,1035,1,3600,0,0,,K_MONSTER,1402,Atross,1410,50,0,0,0,1,3,14,0,0,0,85,600000000,50,89650,13651,0,1224,261,649,1774,2000,2,9,5000,300104,300105,0,500,500,500,500,500,500,500,200,30,10,45,279618,1402,2,5,0,monster (boss),none/neutral,1014.5,1054.5
71,1402,1,0,0,0,0,1062,1050,1115,936,1059,1055,1119,933,1,3600,0,0,,K_MONSTER,1402,Atross,1410,50,0,0,0,1,3,14,0,0,0,85,600000000,50,89650,13651,0,1224,261,649,1774,2000,2,9,5000,300104,300105,0,500,500,500,500,500,500,500,200,30,10,45,279618,1402,2,5,0,monster (boss),none/neutral,1088.5,993.0
71,1402,1,0,0,0,0,923,1052,972,932,919,1057,976,928,1,3600,0,0,,K_MONSTER,1402,Atross,1410,50,0,0,0,1,3,14,0,0,0,85,600000000,50,89650,13651,0,1224,261,649,1774,2000,2,9,5000,300104,300105,0,500,500,500,500,500,500,500,200,30,10,45,279618,1402,2,5,0,monster (boss),none/neutral,947.5,992.0
71,1402,1,0,0,0,0,1060,1001,1130,975,1056,1008,1135,969,1,3600,0,0,,K_MONSTER,1402,Atross,1410,50,0,0,0,1,3,14,0,0,0,85,600000000,50,89650,13651,0,1224,261,649,1774,2000,2,9,5000,300104,300105,0,500,500,500,500,500,500,500,200,30,10,45,279618,1402,2,5,0,monster (boss),none/neutral,1095.0,988.0
71,1402,1,0,0,0,0,901,1006,968,976,899,1010,971,973,1,3600,0,0,,K_MONSTER,1402,Atross,1410,50,0,0,0,1,3,14,0,0,0,85,600000000,50,89650,13651,0,1224,261,649,1774,2000,2,9,5000,300104,300105,0,500,500,500,500,500,500,500,200,30,10,45,279618,1402,2,5,0,monster (boss),none/neutral,934.5,991.0
71,2801,1,0,0,0,0,1922,1388,1938,1374,1919,1390,1939,1372,2,40,0,0,,K_MONSTER,2801,Orc bandit Warrior,1636,95,120350000,170150000,0,4,0,28,0,0,0,50,72133,0,2301,5000,1,360,78,194,572,1000,2,5,3000,0,0,0,400,400,400,400,400,400,400,200,5,10,45,1023,2801,0,0,0,monster,none/neutral,1930.0,1381.0
71,2801,1,0,0,0,0,1887,1373,1900,1360,1885,1375,1903,1358,2,40,0,0,,K_MONSTER,2801,Orc bandit Warrior,1636,95,120350000,170150000,0,4,0,28,0,0,0,50,72133,0,2301,5000,1,360,78,194,572,1000,2,5,3000,0,0,0,400,400,400,400,400,400,400,200,5,10,45,1023,2801,0,0,0,monster,none/neutral,1893.5,1366.5
71,2801,1,0,0,0,0,168,636,181,624,165,638,183,622,2,40,0,0,,K_MONSTER,2801,Orc bandit Warrior,1636,95,120350000,170150000,0,4,0,28,0,0,0,50,72133,0,2301,5000,1,360,78,194,572,1000,2,5,3000,0,0,0,400,400,400,400,400,400,400,200,5,10,45,1023,2801,0,0,0,monster,none/neutral,174.5,630.0
71,2801,1,0,0,0,0,134,674,149,661,132,676,151,659,2,40,0,0,,K_MONSTER,2801,Orc bandit Warrior,1636,95,120350000,170150000,0,4,0,28,0,0,0,50,72133,0,2301,5000,1,360,78,194,572,1000,2,5,3000,0,0,0,400,400,400,400,400,400,400,200,5,10,45,1023,2801,0,0,0,monster,none/neutral,141.5,667.5
71,2802,1,0,0,0,0,1920,1362,1933,1350,1919,1364,1936,1348,2,60,0,0,,K_MONSTER,2802,Orc bandit Warrior,1636,95,120550000,170150000,0,4,0,28,0,0,0,60,117096,0,3630,5000,1,432,117,290,919,1000,2,6,4000,0,0,0,255,255,255,255,255,255,255,200,5,10,45,5171,2802,0,0,0,monster,none/neutral,1926.5,1356.0
71,2802,1,0,0,0,0,116,646,131,631,112,648,132,630,2,60,0,0,,K_MONSTER,2802,Orc bandit Warrior,1636,95,120550000,170150000,0,4,0,28,0,0,0,60,117096,0,3630,5000,1,432,117,290,919,1000,2,6,4000,0,0,0,255,255,255,255,255,255,255,200,5,10,45,5171,2802,0,0,0,monster,none/neutral,123.5,638.5
71,2804,1,0,0,0,0,1912,1312,1929,1300,1910,1314,1931,1298,2,40,0,0,,K_MONSTER,2804,Orc bandit archer,1631,95,0,160250000,0,4,0,28,0,0,0,50,72133,0,1380,5000,1,360,78,194,520,1000,2,5,3000,300120,0,0,400,400,400,400,400,400,400,200,35,10,45,3544,2804,2,1,0,monster,none/neutral,1920.5,1306.0
71,2804,1,0,0,0,0,1852,1362,1866,1347,1850,1364,1872,1343,2,40,0,0,,K_MONSTER,2804,Orc bandit archer,1631,95,0,160250000,0,4,0,28,0,0,0,50,72133,0,1380,5000,1,360,78,194,520,1000,2,5,3000,300120,0,0,400,400,400,400,400,400,400,200,35,10,45,3544,2804,2,1,0,monster,none/neutral,1859.0,1354.5
71,2804,1,0,0,0,0,125,624,140,613,124,625,142,612,2,40,0,0,,K_MONSTER,2804,Orc bandit archer,1631,95,0,160250000,0,4,0,28,0,0,0,50,72133,0,1380,5000,1,360,78,194,520,1000,2,5,3000,300120,0,0,400,400,400,400,400,400,400,200,35,10,45,3544,2804,2,1,0,monster,none/neutral,132.5,618.5
71,2804,1,0,0,0,0,175,637,187,626,173,639,190,624,2,40,0,0,,K_MONSTER,2804,Orc bandit archer,1631,95,0,160250000,0,4,0,28,0,0,0,50,72133,0,1380,5000,1,360,78,194,520,1000,2,5,3000,300120,0,0,400,400,400,400,400,400,400,200,35,10,45,3544,2804,2,1,0,monster,none/neutral,181.0,631.5
71,2805,1,0,0,0,0,1885,1399,1900,1385,1883,1401,1905,1382,2,60,0,0,,K_MONSTER,2805,Orc bandit archer,1631,95,0,160450000,0,4,0,28,0,0,0,60,117096,0,2178,5000,1,432,117,290,836,1000,2,6,4000,300166,0,0,255,255,255,255,255,255,255,200,35,10,45,5171,2805,2,1,0,monster,none/neutral,1892.5,1392.0
71,2805,1,0,0,0,0,120,673,133,662,118,675,135,659,2,60,0,0,,K_MONSTER,2805,Orc bandit archer,1631,95,0,160450000,0,4,0,28,0,0,0,60,117096,0,2178,5000,1,432,117,290,836,1000,2,6,4000,300166,0,0,255,255,255,255,255,255,255,200,35,10,45,5171,2805,2,1,0,monster,none/neutral,126.5,667.5
71,2807,1,0,0,0,0,1846,1381,1858,1368,1844,1382,1860,1366,2,40,0,0,,K_MONSTER,2807,Orc bandit Sorcerer,1606,90,180150169,0,0,4,0,28,0,0,0,50,600000000,0,920,5000,1,360,78,194,520,1000,2,5,3000,300153,0,0,400,400,400,400,400,400,400,200,25,10,45,3544,2807,1,2,0,monster,none/neutral,1852.0,1374.5
71,2807,1,0,0,0,0,1891,1321,1906,1309,1889,1323,1908,1307,2,40,0,0,,K_MONSTER,2807,Orc bandit Sorcerer,1606,90,180150169,0,0,4,0,28,0,0,0,50,600000000,0,920,5000,1,360,78,194,520,1000,2,5,3000,300153,0,0,400,400,400,400,400,400,400,200,25,10,45,3544,2807,1,2,0,monster,none/neutral,1898.5,1315.0
71,2807,1,0,0,0,0,155,615,170,605,154,617,173,603,2,40,0,0,,K_MONSTER,2807,Orc bandit Sorcerer,1606,90,180150169,0,0,4,0,28,0,0,0,50,600000000,0,920,5000,1,360,78,194,520,1000,2,5,3000,300153,0,0,400,400,400,400,400,400,400,200,25,10,45,3544,2807,1,2,0,monster,none/neutral,162.5,610.0
71,2807,1,0,0,0,0,102,653,115,638,99,654,116,638,2,40,0,0,,K_MONSTER,2807,Orc bandit Sorcerer,1606,90,180150169,0,0,4,0,28,0,0,0,50,600000000,0,920,5000,1,360,78,194,520,1000,2,5,3000,300153,0,0,400,400,400,400,400,400,400,200,25,10,45,3544,2807,1,2,0,monster,none/neutral,108.5,645.5
71,2808,1,0,0,0,0,1927,1328,1944,1314,1924,1330,1946,1313,2,60,0,0,,K_MONSTER,2808,Orc bandit Sorcerer,1606,90,180150179,0,0,4,0,28,0,0,0,60,600000000,0,1452,5000,1,432,117,290,1003,1200,2,6,4000,300156,0,0,255,255,255,255,255,255,255,200,25,10,45,5171,2808,1,2,0,monster,none/neutral,1935.5,1321.0
71,2808,1,0,0,0,0,149,666,163,651,146,668,166,649,2,60,0,0,,K_MONSTER,2808,Orc bandit Sorcerer,1606,90,180150179,0,0,4,0,28,0,0,0,60,600000000,0,1452,5000,1,432,117,290,1003,1200,2,6,4000,300156,0,0,255,255,255,255,255,255,255,200,25,10,45,5171,2808,1,2,0,monster,none/neutral,156.0,658.5
71,2813,1,0,0,0,0,118,654,168,618,115,657,171,616,1,8000,0,0,,K_MONSTER,2813,Orc bandit officer,1636,105,120110049,170450000,0,4,0,28,0,0,0,100,444368,0,55384,5000,1,720,386,962,3327,1000,2,7,3000,0,0,0,255,255,255,255,255,255,255,200,5,10,45,14964,2813,0,0,0,monster,none/neutral,143.0,636.0
71,2813,1,0,0,0,0,1884,1383,1924,1344,1880,1386,1926,1341,1,8000,0,0,,K_MONSTER,2813,Orc bandit officer,1636,105,120110049,170450000,0,4,0,28,0,0,0,100,444368,0,55384,5000,1,720,386,962,3327,1000,2,7,3000,0,0,0,255,255,255,255,255,255,255,200,5,10,45,14964,2813,0,0,0,monster,none/neutral,1904.0,1363.5
71,2814,1,0,0,0,0,113,667,160,621,110,670,163,617,1,8000,0,0,,K_MONSTER,2814,Orc bandit officer,1631,105,0,160650048,0,4,0,28,0,0,0,100,444368,0,27692,5000,1,720,386,962,3327,1000,2,7,3000,300168,0,0,255,255,255,255,255,255,255,200,25,10,45,14964,2814,2,1,0,monster,none/neutral,136.5,644.0
71,2814,1,0,0,0,0,1871,1383,1938,1324,1870,1386,1942,1321,1,8000,0,0,,K_MONSTER,2814,Orc bandit officer,1631,105,0,160650048,0,4,0,28,0,0,0,100,444368,0,27692,5000,1,720,386,962,3327,1000,2,7,3000,300168,0,0,255,255,255,255,255,255,255,200,25,10,45,14964,2814,2,1,0,monster,none/neutral,1904.5,1353.5
71,2815,1,0,0,0,0,113,664,165,613,111,665,166,612,1,8000,0,0,,K_MONSTER,2815,Orc bandit officer,1606,105,0,180350048,0,4,0,28,0,0,0,100,444368,0,27692,5000,1,720,386,962,3327,1000,2,7,3000,300159,0,0,255,255,255,255,255,255,255,200,25,10,45,14964,2815,1,2,0,monster,none/neutral,139.0,638.5
71,2815,1,0,0,0,0,1873,1382,1945,1326,1871,1384,1948,1322,1,8000,0,0,,K_MONSTER,2815,Orc bandit officer,1606,105,0,180350048,0,4,0,28,0,0,0,100,444368,0,27692,5000,1,720,386,962,3327,1000,2,7,3000,300159,0,0,255,255,255,255,255,255,255,200,25,10,45,14964,2815,1,2,0,monster,none/neutral,1909.0,1354.0
71,2817,1,0,0,7,1,1064,1014,1119,930,1061,1015,1121,928,1,16000,0,0,,K_MONSTER,2817,Orc bandit leader,1636,120,120310049,170450000,0,4,0,28,0,0,0,120,696457,0,227340,5000,1,864,607,1515,6218,1000,2,8,3000,300281,0,0,255,255,255,255,255,255,255,200,30,10,45,27958,2817,2,5,0,monster,none/neutral,1091.5,972.0
71,2818,1,0,0,7,1,918,1075,968,991,917,1076,969,990,1,16000,0,0,,K_MONSTER,2818,Orc bandit leader,1636,120,120310049,170450000,0,4,0,28,0,0,0,120,696457,0,227340,5000,1,864,607,1515,6218,1000,2,8,3000,300281,0,0,255,255,255,255,255,255,255,200,30,10,45,27958,2818,2,5,0,monster,none/neutral,943.0,1033.0
71,5801,1,0,0,0,0,1673,1279,1705,1243,1279,1673,1705,1243,5,30,0,0,,K_MONSTER,5801,Ego,5500,100,0,0,0,5,9,58,0,0,0,110,600000000,0,35005,5492,1,2015,489,1218,3835,1500,3,8,4000,300351,0,0,150,150,150,150,150,700,150,200,5,25,45,11436,5801,2,2,0,monster,none/neutral,1689.0,1261.0
71,5801,1,0,0,0,0,1665,1259,1689,1235,1259,1665,1689,1235,5,30,0,0,,K_MONSTER,5801,Ego,5500,100,0,0,0,5,9,58,0,0,0,110,600000000,0,35005,5492,1,2015,489,1218,3835,1500,3,8,4000,300351,0,0,150,150,150,150,150,700,150,200,5,25,45,11436,5801,2,2,0,monster,none/neutral,1677.0,1247.0
71,5801,1,0,0,0,0,347,789,391,744,789,347,391,744,10,30,0,0,,K_MONSTER,5801,Ego,5500,100,0,0,0,5,9,58,0,0,0,110,600000000,0,35005,5492,1,2015,489,1218,3835,1500,3,8,4000,300351,0,0,150,150,150,150,150,700,150,200,5,25,45,11436,5801,2,2,0,monster,none/neutral,369.0,766.5
71,5901,1,0,0,0,0,1637,1300,1661,1271,1300,1637,1661,1271,5,30,0,0,,K_MONSTER,5901,Glutton,5501,130,0,0,0,5,0,59,0,0,0,130,600000000,0,61775,8550,1,2234,744,1855,5253,1500,3,8,4000,300361,0,0,220,220,220,220,220,750,220,200,5,25,45,14877,5901,2,2,0,monster,none/neutral,1649.0,1285.5
71,5901,1,0,0,0,0,1625,1279,1645,1259,1279,1625,1645,1259,5,30,0,0,,K_MONSTER,5901,Glutton,5501,130,0,0,0,5,0,59,0,0,0,130,600000000,0,61775,8550,1,2234,744,1855,5253,1500,3,8,4000,300361,0,0,220,220,220,220,220,750,220,200,5,25,45,14877,5901,2,2,0,monster,none/neutral,1635.0,1269.0
71,5901,1,0,0,0,0,371,748,407,712,748,371,407,712,10,30,0,0,,K_MONSTER,5901,Glutton,5501,130,0,0,0,5,0,59,0,0,0,130,600000000,0,61775,8550,1,2234,744,1855,5253,1500,3,8,4000,300361,0,0,220,220,220,220,220,750,220,200,5,25,45,14877,5901,2,2,0,monster,none/neutral,389.0,730.0
71,6001,1,0,0,0,0,1537,1428,1573,1396,1428,1537,1573,1396,10,30,0,0,,K_MONSTER,6001,Wrath,5502,100,0,0,0,1,0,60,0,0,0,145,600000000,0,81009,8550,1,2525,984,2455,7055,1500,3,8,4000,0,300371,0,290,290,290,290,290,800,290,200,5,25,45,18947,6001,2,5,0,monster,none/neutral,1555.0,1412.0
71,6001,1,0,0,0,0,427,692,483,628,692,427,483,628,10,30,0,0,,K_MONSTER,6001,Wrath,5502,100,0,0,0,1,0,60,0,0,0,145,600000000,0,81009,8550,1,2525,984,2455,7055,1500,3,8,4000,0,300371,0,290,290,290,290,290,800,290,200,5,25,45,18947,6001,2,5,0,monster,none/neutral,455.0,660.0
71,6101,1,0,0,0,0,1445,1396,1481,1360,1396,1445,1481,1360,5,30,0,0,,K_MONSTER,6101,Sloth,5503,240,0,0,0,1,3,61,0,0,0,160,600000000,0,82203,5492,1,3456,1270,3171,13047,1700,2,6,4000,0,300381,0,1200,1200,1200,1200,1200,1200,1200,200,5,25,45,17035,6101,2,5,0,monster (boss),none/neutral,1463.0,1378.0
71,6101,1,0,0,0,0,543,676,607,624,676,543,607,624,5,30,0,0,,K_MONSTER,6101,Sloth,5503,240,0,0,0,1,3,61,0,0,0,160,600000000,0,82203,5492,1,3456,1270,3171,13047,1700,2,6,4000,0,300381,0,1200,1200,1200,1200,1200,1200,1200,200,5,25,45,17035,6101,2,5,0,monster (boss),none/neutral,575.0,650.0
71,6201,1,0,0,0,0,1421,1453,1441,1420,1453,1421,1441,1420,2,30,0,0,,K_MONSTER,6201,Lust,5504,120,0,0,0,1,0,62,0,0,0,175,600000000,0,120533,8550,1,4055,1607,4013,16077,1500,3,8,4000,300391,0,0,1500,1500,1500,1500,1500,1500,1500,200,5,25,45,21037,6201,2,2,0,monster,none/neutral,1431.0,1436.5
71,6201,1,0,0,0,0,503,628,547,595,628,503,547,595,3,30,0,0,,K_MONSTER,6201,Lust,5504,120,0,0,0,1,0,62,0,0,0,175,600000000,0,120533,8550,1,4055,1607,4013,16077,1500,3,8,4000,300391,0,0,1500,1500,1500,1500,1500,1500,1500,200,5,25,45,21037,6201,2,2,0,monster,none/neutral,525.0,611.5
71,6301,1,0,0,0,0,1457,1440,1481,1408,1440,1457,1481,1408,5,30,0,0,,K_MONSTER,6301,Envy,5505,120,0,0,0,1,0,63,0,0,0,190,600000000,0,160355,8550,1,5077,1999,4991,19035,1500,3,8,4000,0,300401,0,1800,1800,1800,1800,1800,1800,1800,200,5,25,45,25067,6301,2,5,0,monster,none/neutral,1469.0,1424.0
71,6301,1,0,0,0,0,579,620,619,583,620,579,619,583,5,30,0,0,,K_MONSTER,6301,Envy,5505,120,0,0,0,1,0,63,0,0,0,190,600000000,0,160355,8550,1,5077,1999,4991,19035,1500,3,8,4000,0,300401,0,1800,1800,1800,1800,1800,1800,1800,200,5,25,45,25067,6301,2,5,0,monster,none/neutral,599.0,601.5
71,6401,1,0,0,0,0,1497,1461,1517,1440,1461,1497,1517,1440,2,30,0,0,,K_MONSTER,6401,Greed,5506,120,0,0,0,1,0,64,0,0,0,210,600000000,0,217755,8550,1,6073,2612,6525,22003,1500,3,8,4000,0,300411,0,2100,2100,2100,2100,2100,2100,2100,200,5,25,45,29078,6401,2,5,0,monster,none/neutral,1507.0,1450.5
71,6401,1,0,0,0,0,523,575,551,551,575,523,551,551,2,30,0,0,,K_MONSTER,6401,Greed,5506,120,0,0,0,1,0,64,0,0,0,210,600000000,0,217755,8550,1,6073,2612,6525,22003,1500,3,8,4000,0,300411,0,2100,2100,2100,2100,2100,2100,2100,200,5,25,45,29078,6401,2,5,0,monster,none/neutral,537.0,563.0
71,8004,1,0,0,0,0,1874,1580,1906,1553,1873,1582,1908,1552,5,45,0,0,,K_MONSTER,8004,Troll Shaman,6300,120,181110049,0,0,5,0,17,0,0,0,85,600000000,0,41556,5491,0,1104,165,85,2924,1500,2,7,5000,300137,300129,300133,75,500,75,75,75,75,75,100,5,15,45,4890,8004,2,5,0,monster,none/neutral,1890.0,1566.5
71,8004,1,0,0,0,0,162,437,184,410,161,439,185,408,5,45,0,0,,K_MONSTER,8004,Troll Shaman,6300,120,181110049,0,0,5,0,17,0,0,0,85,600000000,0,41556,5491,0,1104,165,85,2924,1500,2,7,5000,300137,300129,300133,75,500,75,75,75,75,75,100,5,15,45,4890,8004,2,5,0,monster,none/neutral,173.0,423.5
71,8011,1,0,0,0,0,1657,1666,1723,1638,1656,1667,1726,1636,5,45,0,0,,K_MONSTER,8011,Dragon Tooth commander,1102,170,156210049,156210049,0,1,0,11,0,0,0,68,191539,0,12668,5491,3,601,202,367,805,1500,2,8,3000,0,0,0,70,500,70,130,130,180,130,100,5,10,45,4039,8011,0,0,0,monster,none/neutral,1690.0,1652.0
71,8011,1,0,0,0,0,1699,1623,1735,1577,1698,1624,1737,1575,5,45,0,0,,K_MONSTER,8011,Dragon Tooth commander,1102,170,156210049,156210049,0,1,0,11,0,0,0,68,191539,0,12668,5491,3,601,202,367,805,1500,2,8,3000,0,0,0,70,500,70,130,130,180,130,100,5,10,45,4039,8011,0,0,0,monster,none/neutral,1717.0,1600.0
71,8011,1,0,0,0,0,1646,1623,1683,1594,1645,1625,1685,1592,5,45,0,0,,K_MONSTER,8011,Dragon Tooth commander,1102,170,156210049,156210049,0,1,0,11,0,0,0,68,191539,0,12668,5491,3,601,202,367,805,1500,2,8,3000,0,0,0,70,500,70,130,130,180,130,100,5,10,45,4039,8011,0,0,0,monster,none/neutral,1664.5,1608.5
71,8011,1,0,0,0,0,310,408,358,377,309,409,359,376,5,45,0,0,,K_MONSTER,8011,Dragon Tooth commander,1102,170,156210049,156210049,0,1,0,11,0,0,0,68,191539,0,12668,5491,3,601,202,367,805,1500,2,8,3000,0,0,0,70,500,70,130,130,180,130,100,5,10,45,4039,8011,0,0,0,monster,none/neutral,334.0,392.5
71,8011,1,0,0,0,0,369,364,400,325,367,366,402,324,5,45,0,0,,K_MONSTER,8011,Dragon Tooth commander,1102,170,156210049,156210049,0,1,0,11,0,0,0,68,191539,0,12668,5491,3,601,202,367,805,1500,2,8,3000,0,0,0,70,500,70,130,130,180,130,100,5,10,45,4039,8011,0,0,0,monster,none/neutral,384.5,344.5
71,8011,1,0,0,0,0,314,356,341,304,310,359,344,303,5,45,0,0,,K_MONSTER,8011,Dragon Tooth commander,1102,170,156210049,156210049,0,1,0,11,0,0,0,68,191539,0,12668,5491,3,601,202,367,805,1500,2,8,3000,0,0,0,70,500,70,130,130,180,130,100,5,10,45,4039,8011,0,0,0,monster,none/neutral,327.5,330.0
71,8012,1,0,0,0,0,371,1709,415,1677,369,1711,417,1675,5,35,0,0,,K_MONSTER,8012,Doom Soldier,6000,140,111210109,111210109,0,1,0,11,0,0,0,76,511511,0,55014,10387,3,1039,168,347,1545,1500,2,8,3000,0,0,0,150,500,150,150,150,150,150,100,5,10,45,2139,8012,0,0,0,monster,none/neutral,393.0,1693.0
71,8012,1,0,0,0,0,1616,329,1652,302,1615,330,1654,301,5,35,0,0,,K_MONSTER,8012,Doom Soldier,6000,140,111210109,111210109,0,1,0,11,0,0,0,76,511511,0,55014,10387,3,1039,168,347,1545,1500,2,8,3000,0,0,0,150,500,150,150,150,150,150,100,5,10,45,2139,8012,0,0,0,monster,none/neutral,1634.0,315.5
71,8012,1,0,0,0,0,251,1659,293,1622,248,1661,296,1621,5,30,0,0,,K_MONSTER,8012,Doom Soldier,6000,140,111210109,111210109,0,1,0,11,0,0,0,76,511511,0,55014,10387,3,1039,168,347,1545,1500,2,8,3000,0,0,0,150,500,150,150,150,150,150,100,5,10,45,2139,8012,0,0,0,monster,none/neutral,272.0,1640.5
71,8012,1,0,0,0,0,1717,355,1754,319,1716,356,1757,318,5,30,0,0,,K_MONSTER,8012,Doom Soldier,6000,140,111210109,111210109,0,1,0,11,0,0,0,76,511511,0,55014,10387,3,1039,168,347,1545,1500,2,8,3000,0,0,0,150,500,150,150,150,150,150,100,5,10,45,2139,8012,0,0,0,monster,none/neutral,1735.5,337.0
71,8013,1,0,0,0,0,446,1070,488,1028,445,1072,490,1027,5,50,0,0,,K_MONSTER,8013,Dark Knight,6600,160,156210049,156210049,0,1,0,11,0,0,0,82,773955,0,88014,12498,3,535,168,347,2421,1500,2,8,3000,0,0,0,50,500,150,150,150,150,150,100,5,10,45,3089,8013,0,0,0,monster,none/neutral,467.0,1049.0
71,8013,1,0,0,0,0,1516,1065,1554,1027,1514,1067,1556,1025,5,50,0,0,,K_MONSTER,8013,Dark Knight,6600,160,156210049,156210049,0,1,0,11,0,0,0,82,773955,0,88014,12498,3,535,168,347,2421,1500,2,8,3000,0,0,0,50,500,150,150,150,150,150,100,5,10,45,3089,8013,0,0,0,monster,none/neutral,1535.0,1046.0
71,8013,1,0,0,0,0,1537,989,1579,955,1535,991,1582,952,5,50,0,0,,K_MONSTER,8013,Dark Knight,6600,160,156210049,156210049,0,1,0,11,0,0,0,82,773955,0,88014,12498,3,535,168,347,2421,1500,2,8,3000,0,0,0,50,500,150,150,150,150,150,100,5,10,45,3089,8013,0,0,0,monster,none/neutral,1558.0,972.0
71,8013,1,0,0,0,0,426,999,468,958,424,1001,470,955,5,50,0,0,,K_MONSTER,8013,Dark Knight,6600,160,156210049,156210049,0,1,0,11,0,0,0,82,773955,0,88014,12498,3,535,168,347,2421,1500,2,8,3000,0,0,0,50,500,150,150,150,150,150,100,5,10,45,3089,8013,0,0,0,monster,none/neutral,447.0,978.5
71,8013,1,0,0,0,0,1688,906,1728,870,1686,908,1729,867,5,50,0,0,,K_MONSTER,8013,Dark Knight,6600,160,156210049,156210049,0,1,0,11,0,0,0,82,773955,0,88014,12498,3,535,168,347,2421,1500,2,8,3000,0,0,0,50,500,150,150,150,150,150,100,5,10,45,3089,8013,0,0,0,monster,none/neutral,1708.0,888.0
71,8013,1,0,0,0,0,268,1164,308,1122,266,1166,312,1119,5,50,0,0,,K_MONSTER,8013,Dark Knight,6600,160,156210049,156210049,0,1,0,11,0,0,0,82,773955,0,88014,12498,3,535,168,347,2421,1500,2,8,3000,0,0,0,50,500,150,150,150,150,150,100,5,10,45,3089,8013,0,0,0,monster,none/neutral,288.0,1143.0
71,8014,1,0,0,0,0,1764,1109,1806,1069,1763,1111,1808,1067,5,50,0,0,,K_MONSTER,8014,Apostle of Piercing Cold,6500,120,0,181110049,0,1,0,21,0,0,0,84,872719,0,51067,5492,1,1412,198,85,3152,1500,2,6,3000,300128,300219,300133,50,500,50,50,50,50,50,100,25,15,45,3861,8014,2,5,0,monster,none/neutral,1785.0,1089.0
71,8014,1,0,0,0,0,293,946,328,910,291,948,330,908,5,50,0,0,,K_MONSTER,8014,Apostle of Piercing Cold,6500,120,0,181110049,0,1,0,21,0,0,0,84,872719,0,51067,5492,1,1412,198,85,3152,1500,2,6,3000,300128,300219,300133,50,500,50,50,50,50,50,100,25,15,45,3861,8014,2,5,0,monster,none/neutral,310.5,928.0
71,8014,1,0,0,0,0,1797,1169,1836,1124,1794,1172,1839,1122,5,50,0,0,,K_MONSTER,8014,Apostle of Piercing Cold,6500,120,0,181110049,0,1,0,21,0,0,0,84,872719,0,51067,5492,1,1412,198,85,3152,1500,2,6,3000,300128,300219,300133,50,500,50,50,50,50,50,100,25,15,45,3861,8014,2,5,0,monster,none/neutral,1816.5,1146.5
71,8014,1,0,0,0,0,212,914,252,879,211,916,254,877,5,50,0,0,,K_MONSTER,8014,Apostle of Piercing Cold,6500,120,0,181110049,0,1,0,21,0,0,0,84,872719,0,51067,5492,1,1412,198,85,3152,1500,2,6,3000,300128,300219,300133,50,500,50,50,50,50,50,100,25,15,45,3861,8014,2,5,0,monster,none/neutral,232.0,896.5
71,8016,1,0,0,0,0,1096,1284,1133,1246,1093,1286,1135,1244,5,50,0,0,,K_MONSTER,8016,Apostle of Flames,6400,120,0,181110049,0,1,0,21,0,0,0,88,927319,0,55867,5492,1,1568,198,85,3524,1500,2,6,3000,300129,300131,300133,500,500,125,125,125,125,125,100,25,15,45,4051,8016,2,5,0,monster,none/neutral,1114.5,1265.0
71,8016,1,0,0,0,0,866,768,905,739,863,769,907,737,5,50,0,0,,K_MONSTER,8016,Apostle of Flames,6400,120,0,181110049,0,1,0,21,0,0,0,88,927319,0,55867,5492,1,1568,198,85,3524,1500,2,6,3000,300129,300131,300133,500,500,125,125,125,125,125,100,25,15,45,4051,8016,2,5,0,monster,none/neutral,885.5,753.5
71,8016,1,0,0,0,0,1200,1250,1240,1210,1197,1253,1244,1208,5,50,0,0,,K_MONSTER,8016,Apostle of Flames,6400,120,0,181110049,0,1,0,21,0,0,0,88,927319,0,55867,5492,1,1568,198,85,3524,1500,2,6,3000,300129,300131,300133,500,500,125,125,125,125,125,100,25,15,45,4051,8016,2,5,0,monster,none/neutral,1220.0,1230.0
71,8016,1,0,0,0,0,748,816,779,780,746,818,781,778,5,50,0,0,,K_MONSTER,8016,Apostle of Flames,6400,120,0,181110049,0,1,0,21,0,0,0,88,927319,0,55867,5492,1,1568,198,85,3524,1500,2,6,3000,300129,300131,300133,500,500,125,125,125,125,125,100,25,15,45,4051,8016,2,5,0,monster,none/neutral,763.5,798.0
71,1741,1,0,0,0,0,1923,1604,1953,1579,1921,1606,1956,1576,5,40,0,0,,K_MONSTER,1741,Troll,1701,120,140650000,0,0,1,0,17,0,0,0,70,600000000,0,21556,5491,0,315,165,85,2098,2000,2,7,5000,0,0,0,56,56,56,56,56,56,56,250,5,10,45,2621,1741,0,0,0,monster,none/neutral,1938.0,1591.5
71,1741,1,0,0,0,0,91,369,121,354,89,371,126,352,5,40,0,0,,K_MONSTER,1741,Troll,1701,120,140650000,0,0,1,0,17,0,0,0,70,600000000,0,21556,5491,0,315,165,85,2098,2000,2,7,5000,0,0,0,56,56,56,56,56,56,56,250,5,10,45,2621,1741,0,0,0,monster,none/neutral,106.0,361.5
71,1741,1,0,0,0,0,124,420,143,392,122,422,147,387,5,40,0,0,,K_MONSTER,1741,Troll,1701,120,140650000,0,0,1,0,17,0,0,0,70,600000000,0,21556,5491,0,315,165,85,2098,2000,2,7,5000,0,0,0,56,56,56,56,56,56,56,250,5,10,45,2621,1741,0,0,0,monster,none/neutral,133.5,406.0
71,1741,1,0,0,0,0,1874,1633,1904,1608,1871,1636,1906,1606,5,40,0,0,,K_MONSTER,1741,Troll,1701,120,140650000,0,0,1,0,17,0,0,0,70,600000000,0,21556,5491,0,315,165,85,2098,2000,2,7,5000,0,0,0,56,56,56,56,56,56,56,250,5,10,45,2621,1741,0,0,0,monster,none/neutral,1889.0,1620.5
71,1742,1,0,0,0,0,178,333,205,315,175,336,206,313,5,40,0,0,,K_MONSTER,1742,Troll Warrior,1701,150,140650000,0,0,1,0,17,0,0,0,80,600000000,0,38190,5491,0,360,226,114,3760,2000,2,7,5000,0,0,0,56,56,56,56,56,56,56,250,5,10,45,3248,1742,0,0,0,monster,none/neutral,191.5,324.0
71,1742,1,0,0,0,0,1906,1695,1936,1670,1904,1698,1939,1668,5,40,0,0,,K_MONSTER,1742,Troll Warrior,1701,150,140650000,0,0,1,0,17,0,0,0,80,600000000,0,38190,5491,0,360,226,114,3760,2000,2,7,5000,0,0,0,56,56,56,56,56,56,56,250,5,10,45,3248,1742,0,0,0,monster,none/neutral,1921.0,1682.5
71,1742,1,0,0,0,0,118,282,141,263,114,288,145,257,5,40,0,0,,K_MONSTER,1742,Troll Warrior,1701,150,140650000,0,0,1,0,17,0,0,0,80,600000000,0,38190,5491,0,360,226,114,3760,2000,2,7,5000,0,0,0,56,56,56,56,56,56,56,250,5,10,45,3248,1742,0,0,0,monster,none/neutral,129.5,272.5
71,1742,1,0,0,0,0,1857,1752,1887,1727,1854,1754,1889,1724,5,40,0,0,,K_MONSTER,1742,Troll Warrior,1701,150,140650000,0,0,1,0,17,0,0,0,80,600000000,0,38190,5491,0,360,226,114,3760,2000,2,7,5000,0,0,0,56,56,56,56,56,56,56,250,5,10,45,3248,1742,0,0,0,monster,none/neutral,1872.0,1739.5
71,2122,1,0,0,0,0,523,415,554,382,521,417,557,381,5,45,0,0,,K_MONSTER,2122,Apostle,2100,120,0,182110000,0,1,0,21,0,0,0,70,296887,0,21556,5492,1,315,165,85,1574,1500,2,6,3000,300124,300129,300133,200,200,200,200,200,200,200,250,25,15,45,1965,2122,1,5,0,monster,none/neutral,538.5,398.5
71,2122,1,0,0,0,0,460,483,491,454,459,485,493,452,5,45,0,0,,K_MONSTER,2122,Apostle,2100,120,0,182110000,0,1,0,21,0,0,0,70,296887,0,21556,5492,1,315,165,85,1574,1500,2,6,3000,300124,300129,300133,200,200,200,200,200,200,200,250,25,15,45,1965,2122,1,5,0,monster,none/neutral,475.5,468.5
71,2122,1,0,0,0,0,1538,1584,1572,1545,1535,1585,1576,1541,5,45,0,0,,K_MONSTER,2122,Apostle,2100,120,0,182110000,0,1,0,21,0,0,0,70,296887,0,21556,5492,1,315,165,85,1574,1500,2,6,3000,300124,300129,300133,200,200,200,200,200,200,200,250,25,15,45,1965,2122,1,5,0,monster,none/neutral,1555.0,1564.5
71,2122,1,0,0,0,0,1460,1601,1497,1563,1458,1603,1499,1561,5,45,0,0,,K_MONSTER,2122,Apostle,2100,120,0,182110000,0,1,0,21,0,0,0,70,296887,0,21556,5492,1,315,165,85,1574,1500,2,6,3000,300124,300129,300133,200,200,200,200,200,200,200,250,25,15,45,1965,2122,1,5,0,monster,none/neutral,1478.5,1582.0
71,2221,1,0,0,0,0,1510,707,1534,684,1508,708,1536,683,5,45,0,0,,K_MONSTER,2221,Harpy,2200,100,0,0,0,1,0,22,0,0,0,70,600000000,0,16167,5492,1,504,165,252,1180,1500,2,6,3000,300134,0,0,100,100,100,100,100,100,154,250,5,15,45,2621,2221,0,2,0,monster,none/neutral,1522.0,695.5
71,2221,1,0,0,0,0,1445,702,1471,675,1443,704,1472,673,5,45,0,0,,K_MONSTER,2221,Harpy,2200,100,0,0,0,1,0,22,0,0,0,70,600000000,0,16167,5492,1,504,165,252,1180,1500,2,6,3000,300134,0,0,100,100,100,100,100,100,154,250,5,15,45,2621,2221,0,2,0,monster,none/neutral,1458.0,688.5
71,2221,1,0,0,0,0,1429,653,1456,626,1427,655,1458,624,5,45,0,0,,K_MONSTER,2221,Harpy,2200,100,0,0,0,1,0,22,0,0,0,70,600000000,0,16167,5492,1,504,165,252,1180,1500,2,6,3000,300134,0,0,100,100,100,100,100,100,154,250,5,15,45,2621,2221,0,2,0,monster,none/neutral,1442.5,639.5
71,2221,1,0,0,0,0,1530,653,1556,629,1529,655,1558,628,5,45,0,0,,K_MONSTER,2221,Harpy,2200,100,0,0,0,1,0,22,0,0,0,70,600000000,0,16167,5492,1,504,165,252,1180,1500,2,6,3000,300134,0,0,100,100,100,100,100,100,154,250,5,15,45,2621,2221,0,2,0,monster,none/neutral,1543.0,641.0
71,2221,1,0,0,0,0,1454,602,1480,574,1452,604,1481,572,5,45,0,0,,K_MONSTER,2221,Harpy,2200,100,0,0,0,1,0,22,0,0,0,70,600000000,0,16167,5492,1,504,165,252,1180,1500,2,6,3000,300134,0,0,100,100,100,100,100,100,154,250,5,15,45,2621,2221,0,2,0,monster,none/neutral,1467.0,588.0
71,2221,1,0,0,0,0,1498,617,1525,591,1497,619,1526,590,5,45,0,0,,K_MONSTER,2221,Harpy,2200,100,0,0,0,1,0,22,0,0,0,70,600000000,0,16167,5492,1,504,165,252,1180,1500,2,6,3000,300134,0,0,100,100,100,100,100,100,154,250,5,15,45,2621,2221,0,2,0,monster,none/neutral,1511.5,604.0
71,2221,1,0,0,0,0,557,1443,588,1414,555,1445,591,1412,5,45,0,0,,K_MONSTER,2221,Harpy,2200,100,0,0,0,1,0,22,0,0,0,70,600000000,0,16167,5492,1,504,165,252,1180,1500,2,6,3000,300134,0,0,100,100,100,100,100,100,154,250,5,15,45,2621,2221,0,2,0,monster,none/neutral,572.5,1428.5
71,2221,1,0,0,0,0,483,1415,515,1385,481,1417,518,1383,5,45,0,0,,K_MONSTER,2221,Harpy,2200,100,0,0,0,1,0,22,0,0,0,70,600000000,0,16167,5492,1,504,165,252,1180,1500,2,6,3000,300134,0,0,100,100,100,100,100,100,154,250,5,15,45,2621,2221,0,2,0,monster,none/neutral,499.0,1400.0
71,2221,1,0,0,0,0,466,1350,498,1319,464,1352,500,1318,5,45,0,0,,K_MONSTER,2221,Harpy,2200,100,0,0,0,1,0,22,0,0,0,70,600000000,0,16167,5492,1,504,165,252,1180,1500,2,6,3000,300134,0,0,100,100,100,100,100,100,154,250,5,15,45,2621,2221,0,2,0,monster,none/neutral,482.0,1334.5
71,2221,1,0,0,0,0,526,1310,556,1282,524,1311,559,1279,5,45,0,0,,K_MONSTER,2221,Harpy,2200,100,0,0,0,1,0,22,0,0,0,70,600000000,0,16167,5492,1,504,165,252,1180,1500,2,6,3000,300134,0,0,100,100,100,100,100,100,154,250,5,15,45,2621,2221,0,2,0,monster,none/neutral,541.0,1296.0
71,2221,1,0,0,0,0,591,1315,618,1288,589,1317,620,1286,5,45,0,0,,K_MONSTER,2221,Harpy,2200,100,0,0,0,1,0,22,0,0,0,70,600000000,0,16167,5492,1,504,165,252,1180,1500,2,6,3000,300134,0,0,100,100,100,100,100,100,154,250,5,15,45,2621,2221,0,2,0,monster,none/neutral,604.5,1301.5
71,2221,1,0,0,0,0,615,1378,644,1349,612,1381,646,1348,5,45,0,0,,K_MONSTER,2221,Harpy,2200,100,0,0,0,1,0,22,0,0,0,70,600000000,0,16167,5492,1,504,165,252,1180,1500,2,6,3000,300134,0,0,100,100,100,100,100,100,154,250,5,15,45,2621,2221,0,2,0,monster,none/neutral,629.5,1363.5
71,2222,1,0,0,0,0,1247,271,1274,247,1244,274,1277,245,5,45,0,0,,K_MONSTER,2222,Raven Harpy,2200,120,0,0,0,1,0,22,0,0,0,80,600000000,0,27496,5492,1,648,226,338,1918,1500,2,6,3000,300135,0,0,150,150,150,150,150,150,154,250,5,15,45,3248,2222,0,2,0,monster,none/neutral,1260.5,259.0
71,2222,1,0,0,0,0,1183,277,1208,257,1180,281,1212,253,5,45,0,0,,K_MONSTER,2222,Raven Harpy,2200,120,0,0,0,1,0,22,0,0,0,80,600000000,0,27496,5492,1,648,226,338,1918,1500,2,6,3000,300135,0,0,150,150,150,150,150,150,154,250,5,15,45,3248,2222,0,2,0,monster,none/neutral,1195.5,267.0
71,2222,1,0,0,0,0,1233,371,1269,338,1231,374,1272,337,5,45,0,0,,K_MONSTER,2222,Raven Harpy,2200,120,0,0,0,1,0,22,0,0,0,80,600000000,0,27496,5492,1,648,226,338,1918,1500,2,6,3000,300135,0,0,150,150,150,150,150,150,154,250,5,15,45,3248,2222,0,2,0,monster,none/neutral,1251.0,354.5
71,2222,1,0,0,0,0,779,1741,803,1716,776,1743,806,1714,5,45,0,0,,K_MONSTER,2222,Raven Harpy,2200,120,0,0,0,1,0,22,0,0,0,80,600000000,0,27496,5492,1,648,226,338,1918,1500,2,6,3000,300135,0,0,150,150,150,150,150,150,154,250,5,15,45,3248,2222,0,2,0,monster,none/neutral,791.0,1728.5
71,2222,1,0,0,0,0,903,1399,936,1367,899,1401,940,1364,5,45,0,0,,K_MONSTER,2222,Raven Harpy,2200,120,0,0,0,1,0,22,0,0,0,80,600000000,0,27496,5492,1,648,226,338,1918,1500,2,6,3000,300135,0,0,150,150,150,150,150,150,154,250,5,15,45,3248,2222,0,2,0,monster,none/neutral,919.5,1383.0
71,2222,1,0,0,0,0,1170,373,1202,343,1168,375,1205,340,5,45,0,0,,K_MONSTER,2222,Raven Harpy,2200,120,0,0,0,1,0,22,0,0,0,80,600000000,0,27496,5492,1,648,226,338,1918,1500,2,6,3000,300135,0,0,150,150,150,150,150,150,154,250,5,15,45,3248,2222,0,2,0,monster,none/neutral,1186.0,358.0
71,2222,1,0,0,0,0,1181,453,1212,422,1179,455,1215,420,5,45,0,0,,K_MONSTER,2222,Raven Harpy,2200,120,0,0,0,1,0,22,0,0,0,80,600000000,0,27496,5492,1,648,226,338,1918,1500,2,6,3000,300135,0,0,150,150,150,150,150,150,154,250,5,15,45,3248,2222,0,2,0,monster,none/neutral,1196.5,437.5
71,2222,1,0,0,0,0,1182,538,1210,510,1179,540,1212,508,5,45,0,0,,K_MONSTER,2222,Raven Harpy,2200,120,0,0,0,1,0,22,0,0,0,80,600000000,0,27496,5492,1,648,226,338,1918,1500,2,6,3000,300135,0,0,150,150,150,150,150,150,154,250,5,15,45,3248,2222,0,2,0,monster,none/neutral,1196.0,524.0
71,2222,1,0,0,0,0,1111,599,1127,569,1109,601,1129,566,5,45,0,0,,K_MONSTER,2222,Raven Harpy,2200,120,0,0,0,1,0,22,0,0,0,80,600000000,0,27496,5492,1,648,226,338,1918,1500,2,6,3000,300135,0,0,150,150,150,150,150,150,154,250,5,15,45,3248,2222,0,2,0,monster,none/neutral,1119.0,584.0
71,2222,1,0,0,0,0,862,1729,883,1710,858,1732,887,1704,5,45,0,0,,K_MONSTER,2222,Raven Harpy,2200,120,0,0,0,1,0,22,0,0,0,80,600000000,0,27496,5492,1,648,226,338,1918,1500,2,6,3000,300135,0,0,150,150,150,150,150,150,154,250,5,15,45,3248,2222,0,2,0,monster,none/neutral,872.5,1719.5
71,2222,1,0,0,0,0,771,1676,802,1646,769,1678,804,1644,5,45,0,0,,K_MONSTER,2222,Raven Harpy,2200,120,0,0,0,1,0,22,0,0,0,80,600000000,0,27496,5492,1,648,226,338,1918,1500,2,6,3000,300135,0,0,150,150,150,150,150,150,154,250,5,15,45,3248,2222,0,2,0,monster,none/neutral,786.5,1661.0
71,2222,1,0,0,0,0,852,1673,880,1641,850,1674,882,1640,5,45,0,0,,K_MONSTER,2222,Raven Harpy,2200,120,0,0,0,1,0,22,0,0,0,80,600000000,0,27496,5492,1,648,226,338,1918,1500,2,6,3000,300135,0,0,150,150,150,150,150,150,154,250,5,15,45,3248,2222,0,2,0,monster,none/neutral,866.0,1657.0
71,2222,1,0,0,0,0,821,1610,851,1579,819,1613,855,1577,5,45,0,0,,K_MONSTER,2222,Raven Harpy,2200,120,0,0,0,1,0,22,0,0,0,80,600000000,0,27496,5492,1,648,226,338,1918,1500,2,6,3000,300135,0,0,150,150,150,150,150,150,154,250,5,15,45,3248,2222,0,2,0,monster,none/neutral,836.0,1594.5
71,2222,1,0,0,0,0,716,1633,743,1606,714,1635,745,1604,5,45,0,0,,K_MONSTER,2222,Raven Harpy,2200,120,0,0,0,1,0,22,0,0,0,80,600000000,0,27496,5492,1,648,226,338,1918,1500,2,6,3000,300135,0,0,150,150,150,150,150,150,154,250,5,15,45,3248,2222,0,2,0,monster,none/neutral,729.5,1619.5
71,2222,1,0,0,0,0,834,1487,865,1457,831,1490,868,1453,5,45,0,0,,K_MONSTER,2222,Raven Harpy,2200,120,0,0,0,1,0,22,0,0,0,80,600000000,0,27496,5492,1,648,226,338,1918,1500,2,6,3000,300135,0,0,150,150,150,150,150,150,154,250,5,15,45,3248,2222,0,2,0,monster,none/neutral,849.5,1472.0
71,2421,1,0,0,0,0,1561,297,1592,279,1556,304,1595,277,5,40,0,0,,K_MONSTER,2421,Stone golem,2400,80,0,0,0,1,0,24,0,0,0,100,600000000,0,11000,5492,1,720,386,962,3119,1500,2,7,3000,300146,0,0,200,200,200,200,200,200,200,200,5,15,45,4657,2421,0,2,0,monster,none/neutral,1576.5,288.0
71,2421,1,0,0,0,0,1611,378,1640,354,1609,382,1646,352,5,40,0,0,,K_MONSTER,2421,Stone golem,2400,80,0,0,0,1,0,24,0,0,0,100,600000000,0,11000,5492,1,720,386,962,3119,1500,2,7,3000,300146,0,0,200,200,200,200,200,200,200,200,5,15,45,4657,2421,0,2,0,monster,none/neutral,1625.5,366.0
71,2421,1,0,0,0,0,442,1708,481,1677,439,1711,486,1673,5,40,0,0,,K_MONSTER,2421,Stone golem,2400,80,0,0,0,1,0,24,0,0,0,100,600000000,0,11000,5492,1,720,386,962,3119,1500,2,7,3000,300146,0,0,200,200,200,200,200,200,200,200,5,15,45,4657,2421,0,2,0,monster,none/neutral,461.5,1692.5
71,2421,1,0,0,0,0,393,1656,427,1638,390,1658,429,1636,5,40,0,0,,K_MONSTER,2421,Stone golem,2400,80,0,0,0,1,0,24,0,0,0,100,600000000,0,11000,5492,1,720,386,962,3119,1500,2,7,3000,300146,0,0,200,200,200,200,200,200,200,200,5,15,45,4657,2421,0,2,0,monster,none/neutral,410.0,1647.0
71,2422,1,0,0,0,0,180,1497,210,1472,177,1499,212,1469,4,40,0,0,,K_MONSTER,2422,Giant golem,2400,100,0,0,0,1,0,24,0,0,0,110,600000000,0,14000,5492,1,990,489,1218,3468,1500,2,7,3000,300147,0,0,300,300,300,300,300,300,300,300,5,15,45,5436,2422,0,2,0,monster,none/neutral,195.0,1484.5
71,2422,1,0,0,0,0,187,1557,217,1532,185,1560,220,1530,4,40,0,0,,K_MONSTER,2422,Giant golem,2400,100,0,0,0,1,0,24,0,0,0,110,600000000,0,14000,5492,1,990,489,1218,3468,1500,2,7,3000,300147,0,0,300,300,300,300,300,300,300,300,5,15,45,5436,2422,0,2,0,monster,none/neutral,202.0,1544.5
71,2422,1,0,0,0,0,1836,489,1866,464,1834,491,1869,461,4,40,0,0,,K_MONSTER,2422,Giant golem,2400,100,0,0,0,1,0,24,0,0,0,110,600000000,0,14000,5492,1,990,489,1218,3468,1500,2,7,3000,300147,0,0,300,300,300,300,300,300,300,300,5,15,45,5436,2422,0,2,0,monster,none/neutral,1851.0,476.5
71,2422,1,0,0,0,0,1810,418,1840,393,1807,420,1842,390,4,40,0,0,,K_MONSTER,2422,Giant golem,2400,100,0,0,0,1,0,24,0,0,0,110,600000000,0,14000,5492,1,990,489,1218,3468,1500,2,7,3000,300147,0,0,300,300,300,300,300,300,300,300,5,15,45,5436,2422,0,2,0,monster,none/neutral,1825.0,405.5
71,1304,1,0,0,0,0,1067,1045,1112,929,1063,1048,1115,925,5,8000,0,0,,K_MONSTER,1304,Harunga,1300,100,131510000,0,0,5,0,13,0,0,0,55,600000000,0,29155,4864,0,792,96,239,1109,2000,2,8,5000,0,0,0,146,146,146,100,146,146,76,200,5,10,60,1029,1304,0,0,0,monster,none/neutral,1089.5,987.0
71,1304,1,0,0,0,0,923,1062,968,924,920,1065,970,919,5,8000,0,0,,K_MONSTER,1304,Harunga,1300,100,131510000,0,0,5,0,13,0,0,0,55,600000000,0,29155,4864,0,792,96,239,1109,2000,2,8,5000,0,0,0,146,146,146,100,146,146,76,200,5,10,60,1029,1304,0,0,0,monster,none/neutral,945.5,993.0
71,1305,1,0,0,7,3,1060,993,1103,922,1056,995,1106,918,1,16000,0,0,,K_MONSTER,1305,Javana,1300,100,131510000,0,0,5,0,13,0,0,0,65,600000000,0,44520,7155,0,936,140,347,1722,2000,2,8,5000,0,0,0,500,500,500,500,500,500,500,250,5,10,60,1347,1305,0,0,0,monster,none/neutral,1081.5,957.5
71,1305,1,0,0,7,4,1060,1058,1107,995,1053,1064,1116,991,1,16000,0,0,,K_MONSTER,1305,Javana,1300,100,131510000,0,0,5,0,13,0,0,0,65,600000000,0,44520,7155,0,936,140,347,1722,2000,2,8,5000,0,0,0,500,500,500,500,500,500,500,250,5,10,60,1347,1305,0,0,0,monster,none/neutral,1083.5,1026.5
71,1305,1,0,0,7,5,970,1117,1064,1082,966,1120,1069,1075,1,16000,0,0,,K_MONSTER,1305,Javana,1300,100,131510000,0,0,5,0,13,0,0,0,65,600000000,0,44520,7155,0,936,140,347,1722,2000,2,8,5000,0,0,0,500,500,500,500,500,500,500,250,5,10,60,1347,1305,0,0,0,monster,none/neutral,1017.0,1099.5
71,1305,1,0,0,7,2,931,991,968,915,928,995,972,911,1,16000,0,0,,K_MONSTER,1305,Javana,1300,100,131510000,0,0,5,0,13,0,0,0,65,600000000,0,44520,7155,0,936,140,347,1722,2000,2,8,5000,0,0,0,500,500,500,500,500,500,500,250,5,10,60,1347,1305,0,0,0,monster,none/neutral,949.5,953.0
71,1305,1,0,0,7,1,932,1076,971,992,930,1079,976,989,1,16000,0,0,,K_MONSTER,1305,Javana,1300,100,131510000,0,0,5,0,13,0,0,0,65,600000000,0,44520,7155,0,936,140,347,1722,2000,2,8,5000,0,0,0,500,500,500,500,500,500,500,250,5,10,60,1347,1305,0,0,0,monster,none/neutral,951.5,1034.0
71,1305,1,0,0,7,6,959,919,1064,879,955,924,1068,877,1,16000,0,0,,K_MONSTER,1305,Javana,1300,100,131510000,0,0,5,0,13,0,0,0,65,600000000,0,44520,7155,0,936,140,347,1722,2000,2,8,5000,0,0,0,500,500,500,500,500,500,500,250,5,10,60,1347,1305,0,0,0,monster,none/neutral,1011.5,899.0
